name,CAS,mix,smiles,formula,rt_reference,mono_mass,[M]-,[M-H]-,[M+Cl]-,[M-H2O-H]-
Inosine,58-63-9,Alkaloids-neg-mix1,O=c1[nH]cnc2c1ncn2[C@@H]1O[C@H](CO)[C@@H](O)[C@H]1O,C10H12N4O5,[0.547],268.0807695,0,267.0734931,303.0501708,249.0629284
Uracil,66-22-8,Alkaloids-neg-mix1,O=c1cc[nH]c(=O)[nH]1,C4H4N2O2,[0.356],112.0272774,0,111.0200009,146.9966786,93.00943624
Cytidine,65-46-3,Alkaloids-neg-mix1,Nc1ccn([C@@H]2O[C@H](CO)[C@@H](O)[C@H]2O)c(=O)n1,C9H13N3O5,[0.328],243.0855205,0,242.0782441,278.0549218,224.0676794
Hypoxanthine,68-94-0,Alkaloids-neg-mix1,O=c1nc[nH]c2nc[nH]c12,C5H4N4O,"[0.36, 0.549, 0.454]",136.0385107,0,135.0312343,171.007912,117.0206696
Allantoin,97-59-6,Alkaloids-neg-mix1,NC(=O)NC1NC(=O)NC1=O,C4H6N4O3,[0.293],158.0439901,0,157.0367136,193.0133913,139.0261489
Tryptamine,61-54-1,Alkaloids-neg-mix1,NCCc1c[nH]c2ccccc12,C10H12N2,[1.696],160.1000484,0,159.0927719,195.0694497,141.0822073
Xanthine,69-89-6,Alkaloids-neg-mix1,O=c1[nH]c(=O)c2[nH]cnc2[nH]1,C5H4N4O2,"[0.485, 0.363]",152.0334254,0,151.0261489,187.0028266,133.0155842
8-Hydroxy-2'-deoxyguanosine,88847-89-6,Alkaloids-neg-mix1,Nc1nc2c([nH]c(=O)n2[C@H]2C[C@H](O)[C@@H](CO)O2)c(=O)[nH]1,C10H13N5O5,[1.091],283.0916685,0,282.0843921,318.0610698,264.0738274
Adenosine,58-61-7,Alkaloids-neg-mix1,Nc1ncnc2c1ncn2[C@@H]1O[C@H](CO)[C@@H](O)[C@H]1O,C10H13N5O4,[0.522],267.0967539,0,266.0894775,302.0661552,248.0789128
Norepinephrine,51-41-2,Alkaloids-neg-mix1,NC[C@H](O)c1ccc(O)c(O)c1,C8H11NO3,"[0.291, 3.559]",169.0738932,0,168.0666168,204.0432945,150.0560521
Thymidine,50-89-5,Alkaloids-neg-mix2,Cc1cn([C@H]2C[C@H](O)[C@@H](CO)O2)c(=O)[nH]c1=O,C10H14N2O5,[1.211],242.0902715,0,241.0829951,277.0596728,223.0724304
Coenzyme A,85-61-0,Alkaloids-neg-mix2,CC(C)(COP(=O)(O)OP(=O)(O)OC[C@H]1O[C@@H](n2cnc3c(N)ncnc32)[C@H](O)[C@@H]1OP(=O)(O)O)[C@@H](O)C(=O)NCCC(=O)NCCS,C21H36N7O16P3S,,767.115209,0,766.1079338,802.0846115,748.0973691
SAH,979-92-0,Alkaloids-neg-mix2,Nc1ncnc2c1ncn2[C@@H]1O[C@H](CSCC[C@H](N)C(=O)O)[C@@H](O)[C@H]1O,C14H20N6O5S,"[0.351, 0.489]",384.1215887,0,383.1143125,419.0909902,365.1037478
Isoguanine,3373-53-3,Alkaloids-neg-mix2,Nc1nc(=O)[nH]c2nc[nH]c12,C5H5N5O,[0.305],151.0494098,0,150.0421334,186.0188111,132.0315687
Catharanthine tartrate,4168-17-6,Alkaloids-neg-mix2,CCC1=C[C@H]2CN3CCc4c([nH]c5ccccc45)[C@@](C(=O)OC)(C2)[C@@H]13,C21H24N2O2,[2.918],336.183778,0,335.1765016,371.1531793,317.1659369
Daurisoline,70553-76-3,Alkaloids-neg-mix2,COc1cc2c(cc1O)[C@@H](Cc1ccc(O)c(Oc3ccc(C[C@@H]4c5cc(OC)c(OC)cc5CCN4C)cc3)c1)N(C)CC2,C37H42N2O6,"[2.291, 2.141]",610.3042871,0,609.2970106,645.2736883,591.2864459
Liensinine Perchlorate,2385-63-9,Alkaloids-neg-mix2,COc1cc2c(cc1OC)[C@@H](Cc1ccc(O)c(Oc3cc4c(cc3OC)CCN(C)[C@@H]4Cc3ccc(O)cc3)c1)N(C)CC2,C37H42N2O6,"[2.291, 2.141]",610.3042871,0,609.2970106,645.2736883,591.2864459
Cotinine,486-56-6,Alkaloids-neg-mix2,CN1C(=O)CC[C@H]1c1cccnc1,C10H12N2O,[0.51],176.094963,0,175.0876866,211.0643643,157.0771219
Berberine chloride,633-65-8,Alkaloids-neg-mix2,COc1ccc2cc3[n+](cc2c1OC)CCc1cc2c(cc1-3)OCO2,C20H18NO4+,[2.94],336.1230345,0,0,0,0
Econazole,27220-47-9,Alkaloids-neg-mix2,Clc1ccc(COC(Cn2ccnc2)c2ccc(Cl)cc2Cl)cc1,C18H15Cl3N2O,[4.166],380.0249961,0,379.0177197,414.9943974,361.007155
Cinchonine,118-10-5,Alkaloids-neg-mix3,C=C[C@H]1C[N@@]2CC[C@H]1C[C@@H]2[C@@H](O)c1ccnc2ccccc12,C19H22N2O,[1.879],294.1732133,0,293.1659369,329.1426146,275.1553722
Betaine chloride,590-46-5,Alkaloids-neg-mix3,C[N+](C)(C)CC(=O)[O-],C5H11NO2,[0.287],117.0789786,0,116.0717021,152.0483799,98.06113746
Sanguinarine chloride,5578-73-4,Alkaloids-neg-mix3,C[n+]1cc2c3c(ccc2c2ccc4cc5c(cc4c21)OCO5)OCO3,C20H14NO4+,[2.85],332.0917343,0,0,0,0
Physostigmine Salicylate,57-64-7,Alkaloids-neg-mix3,CNC(=O)Oc1ccc2c(c1)[C@]1(C)CCN(C)[C@@H]1N2C,C15H21N3O2,[1.982],275.1633769,0,274.1561005,310.1327782,256.1455358
Docetaxel trihydrate,148408-66-6,Alkaloids-neg-mix3,CC(=O)O[C@@]12CO[C@@H]1C[C@H](O)[C@@]1(C)C(=O)[C@H](O)C3=C(C)[C@@H](OC(=O)[C@H](O)[C@@H](NC(=O)OC(C)(C)C)c4ccccc4)C[C@@](O)([C@@H](OC(=O)c4ccccc4)[C@@H]12)C3(C)C,C43H53NO14,[4.658],807.3466054,0,806.3393289,842.3160066,788.3287643
Quinidine hydrochloride monohydrate,6151-40-2,Alkaloids-neg-mix3,C=C[C@H]1C[N@@]2CC[C@H]1C[C@@H]2[C@@H](O)c1ccnc2ccc(OC)cc12,C20H24N2O2,[2.019],324.183778,0,323.1765016,359.1531793,305.1659369
Lobeline hydrochloride,134-63-4,Alkaloids-neg-mix3,CN1[C@H](C[C@H](O)c2ccccc2)CCC[C@@H]1CC(=O)c1ccccc1,C22H27NO2,"[3.118, 3.193]",337.2041791,0,336.1969027,372.1735804,318.186338
Colchicine,64-86-8,Alkaloids-neg-mix3,COc1cc2c(c(OC)c1OC)-c1ccc(OC)c(=O)cc1[C@@H](NC(C)=O)CC2,C22H25NO6,[3.021],399.1681875,0,398.1609111,434.1375888,380.1503464
Miconazole nitrate,22832-87-7,Alkaloids-neg-mix3,Clc1ccc(COC(Cn2ccnc2)c2ccc(Cl)cc2Cl)c(Cl)c1,C18H14Cl4N2O,[4.414],413.9860238,0,412.9787474,448.9554251,394.9681827
Hordenine,539-15-1,Alkaloids-neg-mix3,CN(C)CCc1ccc(O)cc1,C10H15NO,[0.625],165.1153641,0,164.1080877,200.0847654,146.097523
Cytisinicline,485-35-8,Alkaloids-neg-mix4,O=c1cccc2n1C[C@@H]1CNC[C@@H]2C1,C11H14N2O,"[0.504, 0.357]",190.1106131,0,189.1033366,225.0800143,171.0927719
Yohimbine hydrochloride,65-19-0,Alkaloids-neg-mix4,COC(=O)[C@H]1[C@@H](O)CC[C@H]2CN3CCc4c([nH]c5ccccc45)[C@@H]3C[C@@H]21,C21H26N2O3,[2.512],354.1943427,0,353.1870663,389.163744,335.1765016
Irinotecan Hydrochloride,100286-90-6,Alkaloids-neg-mix4,CCc1c2c(nc3ccc(OC(=O)N4CCC(N5CCCCC5)CC4)cc13)-c1cc3c(c(=O)n1C2)COC(=O)[C@]3(O)CC,C33H38N4O6,[2.796],586.2791349,0,585.2718585,621.2485362,567.2612938
Capsaicin,404-86-4,Alkaloids-neg-mix4,COc1cc(CNC(=O)CCCC/C=C/C(C)C)ccc1O,C18H27NO3,[4.52],305.1990937,0,304.1918173,340.168495,286.1812526
Metronidazole,443-48-1,Alkaloids-neg-mix4,Cc1ncc([N+](=O)[O-])n1CCO,C6H9N3O3,[1.331],171.0643911,0,170.0571147,206.0337924,152.04655
Theophylline,58-55-9,Alkaloids-neg-mix4,Cn1c(=O)c2[nH]cnc2n(C)c1=O,C7H8N4O2,[1.557],180.0647255,0,179.0574491,215.0341268,161.0468844
Albendazole,54965-21-8,Alkaloids-neg-mix4,CCCSc1ccc2[nH]c(NC(=O)OC)nc2c1,C12H15N3O2S,[3.232],265.0884977,0,264.0812215,300.0578992,246.0706568
Mebendazole,31431-39-7,Alkaloids-neg-mix4,COC(=O)Nc1nc2cc(C(=O)c3ccccc3)ccc2[nH]1,C16H13N3O3,[3.193],295.0956913,0,294.0884148,330.0650926,276.0778502
Palonosetron hydrochloride,135729-62-3,Alkaloids-neg-mix4,O=C1c2cccc3c2[C@H](CCC3)CN1[C@@H]1CN2CCC1CC2,C19H24N2O,[2.833],296.1888634,0,295.1815869,331.1582647,277.1710223
Cinchonidine,485-71-2,Alkaloids-neg-mix4,C=C[C@H]1C[N@@]2CC[C@H]1C[C@H]2[C@H](O)c1ccnc2ccccc12,C19H22N2O,[1.933],294.1732133,0,293.1659369,329.1426146,275.1553722
Hydroquinidine,1435-55-8,Alkaloids-neg-mix5,CC[C@H]1C[N@@]2CC[C@H]1C[C@@H]2[C@@H](O)c1ccnc2ccc(OC)cc12,C20H26N2O2,[2.158],326.1994281,0,325.1921516,361.1688293,307.1815869
Ethionamide,536-33-4,Alkaloids-neg-mix5,CCc1cc(C(N)=S)ccn1,C8H10N2S,[1.314],166.0564693,0,165.0491931,201.0258708,147.0386284
Topotecan hydrochloride,119413-54-6,Alkaloids-neg-mix5,CC[C@@]1(O)C(=O)OCc2c1cc1n(c2=O)Cc2cc3c(CN(C)C)c(O)ccc3nc2-1,C23H23N3O5,[2.105],421.1637708,0,420.1564944,456.1331721,402.1459297
Gefitinib,184475-35-2,Alkaloids-neg-mix5,COc1cc2ncnc(Nc3ccc(F)c(Cl)c3)c2cc1OCCCN1CCOCC1,C22H24ClFN4O3,[2.385],446.1520965,0,445.14482,481.1214978,427.1342554
Pilocarpine nitrate,148-72-1,Alkaloids-neg-mix5,CC[C@@H]1C(=O)OC[C@@H]1Cc1cncn1C,C11H16N2O2,[1.248],208.1211778,0,207.1139013,243.090579,189.1033366
Vincristine sulfate,2068-78-2,Alkaloids-neg-mix5,CC[C@]1(O)C[C@H]2C[N@](CCc3c([nH]c4ccccc34)[C@@](C(=O)OC)(c3cc4c(cc3OC)N(C=O)[C@H]3[C@@](O)(C(=O)OC)[C@H](OC(C)=O)[C@]5(CC)C=CCN6CC[C@]43[C@@H]65)C2)C1,C46H56N4O10,[2.986],824.399644,0,823.3923676,859.3690453,805.3818029
Vindoline,2182-14-1,Alkaloids-neg-mix5,CC[C@]12C=CCN3CC[C@@]4(c5ccc(OC)cc5N(C)[C@H]4[C@@](O)(C(=O)OC)[C@@H]1OC(C)=O)[C@@H]32,C25H32N2O6,[3.213],456.2260367,0,455.2187603,491.195438,437.2081956
Lappaconitine,32854-75-4,Alkaloids-neg-mix5,CCN1C[C@]2(OC(=O)c3ccccc3NC(C)=O)CC[C@H](OC)[C@]34C1[C@H](C[C@H]23)[C@@]1(O)C[C@H](OC)[C@H]2C[C@@H]4[C@]1(O)[C@H]2OC,C32H44N2O8,[2.792],584.3097664,0,583.3024899,619.2791676,565.2919252
Oxysophocarpine,26904-64-3,Alkaloids-neg-mix5,O=C1C=CC[C@@H]2[C@H]3CCC[N@@+]4([O-])CCC[C@@H](CN12)[C@@H]34,C15H22N2O2,[1.408],262.1681279,0,261.1608515,297.1375292,243.1502868
Sinomenine,115-53-7,Alkaloids-neg-mix5,COC1=C[C@@H]2[C@@H]3Cc4ccc(OC)c(O)c4[C@]2(CCN3C)CC1=O,C19H23NO4,[1.808],329.1627082,0,328.1554318,364.1321095,310.1448671
Catharanthine,2468-21-5,Alkaloids-neg-mix6,CCC1=C[C@@H]2CN3CCc4c([nH]c5ccccc45)[C@@](C(=O)OC)(C2)[C@@H]13,C21H24N2O2,[2.929],336.183778,0,335.1765016,371.1531793,317.1659369
Sinomenine hydrochloride,6080-33-7,Alkaloids-neg-mix6,COC1=C[C@@H]2[C@@H]3Cc4ccc(OC)c(O)c4[C@]2(CCN3C)CC1=O,C19H23NO4,[1.809],329.1627082,0,328.1554318,364.1321095,310.1448671
(S)-10-Hydroxycamptothecin,19685-09-7,Alkaloids-neg-mix6,CC[C@@]1(O)C(=O)OCc2c1cc1n(c2=O)Cc2cc3cc(O)ccc3nc2-1,C20H16N2O5,[2.682],364.1059216,0,363.0986452,399.0753229,345.0880805
Arecoline hydrobromide,300-08-3,Alkaloids-neg-mix6,COC(=O)C1=CCCN(C)C1,C8H13NO2,"[1.802, 0.502, 0.351]",155.0946287,0,154.0873522,190.0640299,136.0767875
Camptothecin,3/4/89,Alkaloids-neg-mix6,CC[C@@]1(O)C(=O)OCc2c1cc1n(c2=O)Cc2cc3ccccc3nc2-1,C20H16N2O4,[3.136],348.111007,0,347.1037306,383.0804083,329.0931659
Harmaline,304-21-2,Alkaloids-neg-mix6,COc1ccc2c(c1)=NC1=C(C)NCCC=21,C13H14N2O,[2.38],214.1106131,0,213.1033366,249.0800143,195.0927719
Vinpocetine,42971-09-5,Alkaloids-neg-mix6,CCOC(=O)C1=C[C@]2(CC)CCCN3CCc4c(n1c1ccccc41)[C@@H]32,C22H26N2O2,[3.49],350.1994281,0,349.1921516,385.1688293,331.1815869
Quinine,130-95-0,Alkaloids-neg-mix6,C=C[C@H]1C[N@@]2CC[C@H]1C[C@H]2[C@H](O)c1ccnc2ccc(OC)cc12,C20H24N2O2,[2.074],324.183778,0,323.1765016,359.1531793,305.1659369
Ethosuximide,77-67-8,Alkaloids-neg-mix6,CCC1(C)CC(=O)NC1=O,C7H11NO2,"[1.969, 0.302]",141.0789786,0,140.0717021,176.0483799,122.0611375
Cepharanthine,481-49-2,Alkaloids-neg-mix6,COc1ccc2cc1Oc1ccc(cc1)C[C@H]1c3c(cc4c(c3Oc3cc5c(cc3OC)CCN(C)[C@@H]5C2)OCO4)CCN1C,C37H38N2O6,[2.569],606.2729869,0,605.2657105,641.2423882,587.2551458
Piperine,94-62-2,Alkaloids-neg-mix7,O=C(/C=C/C=C/c1ccc2c(c1)OCO2)N1CCCCC1,C17H19NO3,"[4.355, 4.452]",285.1364935,0,284.129217,320.1058947,266.1186523
Cordycepin,73-03-0,Alkaloids-neg-mix7,Nc1ncnc2c1ncn2[C@@H]1O[C@H](CO)C[C@H]1O,C10H13N5O3,[0.616],251.1018393,0,250.0945628,286.0712406,232.0839982
Tetrandrine,518-34-3,Alkaloids-neg-mix7,COc1ccc2cc1Oc1ccc(cc1)C[C@H]1c3cc(c(OC)cc3CCN1C)Oc1c(OC)c(OC)cc3c1[C@H](C2)N(C)CC3,C38H42N2O6,[2.604],622.3042871,0,621.2970106,657.2736883,603.2864459
"L-(R,S)-Tetrahydropalmatine",10097-84-4,Alkaloids-neg-mix7,COc1cc2c(cc1OC)C1Cc3ccc(OC)c(OC)c3CN1CC2,C21H25NO4,[2.717],355.1783583,0,354.1710818,390.1477596,336.1605172
Lycorine hydrochloride,2188-68-3,Alkaloids-neg-mix7,O[C@H]1C=C2CCN3Cc4cc5c(cc4[C@H]([C@@H]1O)[C@@H]23)OCO5,C16H17NO4,"[4.359, 1.022]",287.115758,0,286.1084816,322.0851593,268.0979169
Sophocarpine monohydrate,145572-44-7,Alkaloids-neg-mix7,O=C1C=CC[C@@H]2[C@H]3CCCN4CCC[C@@H](CN12)[C@@H]34,C15H22N2O,[1.319],246.1732133,0,245.1659369,281.1426146,227.1553722
Trigonelline chloride,6138-41-6,Alkaloids-neg-mix7,C[n+]1cccc(C(=O)[O-])c1,C7H7NO2,[0.293],137.0476785,0,136.040402,172.0170797,118.0298373
Rutaecarpine,84-26-4,Alkaloids-neg-mix7,O=c1c2ccccc2nc2n1CCc1c-2[nH]c2ccccc12,C18H13N3O,"[4.359, 1.022]",287.105862,0,286.0985856,322.0752633,268.0880209
Evodiamine,518-17-2,Alkaloids-neg-mix7,CN1c2ccccc2C(=O)N2CCc3c([nH]c4ccccc34)C21,C19H17N3O,[4.271],303.1371622,0,302.1298857,338.1065634,284.119321
Oxymatrine,16837-52-8,Alkaloids-neg-mix7,O=C1CCC[C@@H]2[C@H]3CCC[N+]4([O-])CCC[C@@H](CN12)[C@@H]34,C15H24N2O2,[1.456],264.183778,0,263.1765016,299.1531793,245.1659369
Matrine,519-02-8,Alkaloids-neg-mix8,O=C1CCC[C@@H]2[C@H]3CCCN4CCC[C@@H](CN12)[C@@H]34,C15H24N2O,[1.247],248.1888634,0,247.1815869,283.1582647,229.1710223
Palmatine chloride,10605-02-4,Alkaloids-neg-mix8,COc1cc2c(cc1OC)-c1cc3ccc(OC)c(OC)c3c[n+]1CC2,C21H22NO4+,[2.94],352.1543346,0,0,0,0
Reserpine,50-55-5,Alkaloids-neg-mix8,COC(=O)[C@H]1[C@H]2C[C@@H]3c4[nH]c5cc(OC)ccc5c4CCN3C[C@H]2C[C@@H](OC(=O)c2cc(OC)c(OC)c(OC)c2)[C@@H]1OC,C33H40N2O9,[3.712],608.2733809,0,607.2661044,643.2427821,589.2555397
(-)-Sparteine sulfate pentahydrate,12/9/60,Alkaloids-neg-mix8,C1CCN2C[C@H]3C[C@H](CN4CCCC[C@H]34)[C@@H]2C1,C15H26N2,[1.426],234.2095988,0,233.2023224,269.1790001,215.1917577
Pilocarpine Hydrochloride,54-71-7,Alkaloids-neg-mix8,CC[C@@H]1C(=O)OC[C@@H]1Cc1cncn1C,C11H16N2O2,[1.237],208.1211778,0,207.1139013,243.090579,189.1033366
L-Hyoscyamine,101-31-5,Alkaloids-neg-mix8,CN1[C@H]2CC[C@@H]1C[C@H](OC(=O)[C@H](CO)c1ccccc1)C2,C17H23NO3,[2.127],289.1677936,0,288.1605172,324.1371949,270.1499525
Thiabendazole,148-79-8,Alkaloids-neg-mix8,c1ccc2[nH]c(-c3cscn3)nc2c1,C10H7N3S,[1.796],201.0360682,0,200.028792,236.0054697,182.0182273
Bemegride,64-65-3,Alkaloids-neg-mix8,CCC1(C)CC(=O)NC(=O)C1,C8H13NO2,[2.292],155.0946287,0,154.0873522,190.0640299,136.0767875
Pyrazinamide,98-96-4,Alkaloids-neg-mix8,NC(=O)c1cnccn1,C5H5N3O,[0.643],123.0432618,0,122.0359853,158.0126631,104.0254207
Miglitol,72432-03-2,Alkaloids-neg-mix8,OCCN1C[C@H](O)[C@@H](O)[C@H](O)[C@H]1CO,C8H17NO5,[0.269],207.1106726,0,206.1033962,242.0800739,188.0928315
SN-38,86639-52-3,Alkaloids-neg-mix9,CCc1c2c(nc3ccc(O)cc13)-c1cc3c(c(=O)n1C2)COC(=O)[C@]3(O)CC,C22H20N2O5,[3.021],392.1372217,0,391.1299453,427.106623,373.1193806
Indole-3-carbinol,700-06-1,Alkaloids-neg-mix9,OCc1c[nH]c2ccccc12,C9H9NO,[2.215],147.0684139,0,146.0611375,182.0378152,128.0505728
Scopolamine butylbromide,149-64-4,Alkaloids-neg-mix9,CCCC[N+]1(C)[C@H]2C[C@H](OC(=O)[C@H](CO)c3ccccc3)C[C@@H]1[C@H]1O[C@@H]21,C21H30NO4+,[2.412],360.2169349,0,0,0,0
Aminophylline,317-34-0,Alkaloids-neg-mix9,Cn1c(=O)c2[nH]cnc2n(C)c1=O,C7H8N4O2,,180.0647255,0,179.0574491,215.0341268,161.0468844
Berbamine dihydrochloride,6078-17-7,Alkaloids-neg-mix9,COc1cc2c3cc1Oc1c(OC)c(OC)cc4c1[C@@H](Cc1ccc(O)c(c1)Oc1ccc(cc1)C[C@@H]3N(C)CC2)N(C)CC4,C37H40N2O6,"[2.456, 2.353]",608.288637,0,607.2813606,643.2580383,589.2707959
(R)-Fangchinoline,33889-68-8,Alkaloids-neg-mix9,COc1ccc2cc1Oc1ccc(cc1)C[C@H]1c3cc(c(OC)cc3CCN1C)Oc1c(O)c(OC)cc3c1[C@@H](C2)N(C)CC3,C37H40N2O6,"[2.456, 2.353]",608.288637,0,607.2813606,643.2580383,589.2707959
Trigonelline,535-83-1,Alkaloids-neg-mix9,C[n+]1cccc(C(=O)[O-])c1,C7H7NO2,[0.293],137.0476785,0,136.040402,172.0170797,118.0298373
Tetrahydropalmatine hydrochloride,6024-85-7,Alkaloids-neg-mix9,COc1cc2c(cc1OC)C1Cc3ccc(OC)c(OC)c3CN1CC2,C21H25NO4,[2.719],355.1783583,0,354.1710818,390.1477596,336.1605172
Jatrorrhizine hydrochloride,960383-96-4,Alkaloids-neg-mix9,COc1cc2c(cc1O)CC[n+]1cc3c(OC)c(OC)ccc3cc1-2,C20H20NO4+,[2.702],338.1386845,0,0,0,0
Bicuculline,485-49-4,Alkaloids-neg-mix9,CN1CCc2cc3c(cc2[C@H]1[C@@H]1OC(=O)c2c1ccc1c2OCO1)OCO3,C20H17NO6,[2.326],367.1055873,0,366.0983108,402.0749885,348.0877461
(-)-Huperzine A,102518-79-6,Alkaloids-neg-mix10,CC=C1[C@H]2C=C(C)C[C@]1(N)c1ccc(=O)[nH]c1C2,C15H18N2O,[1.757],242.1419132,0,241.1346368,277.1113145,223.1240721
Cyclopamine,4449-51-8,Alkaloids-neg-mix10,CC1=C2C[C@H]3[C@@H](CC=C4C[C@@H](O)CC[C@@]43C)[C@@H]2CC[C@]12O[C@@H]1C[C@H](C)CN[C@H]1[C@H]2C,C27H41NO2,[3.255],411.3137296,0,410.3064531,446.2831308,392.2958884
Monocrotaline,315-22-0,Alkaloids-neg-mix10,C[C@H]1C(=O)O[C@@H]2CCN3CC=C(COC(=O)[C@](C)(O)[C@]1(C)O)[C@H]23,C16H23NO6,[1.288],325.1525375,0,324.145261,360.1219387,306.1346963
Harmine hydrochloride,343-27-1,Alkaloids-neg-mix10,COc1ccc2c(c1)[nH]c1c(C)nccc12,C13H12N2O,[2.397],212.094963,0,211.0876866,247.0643643,193.0771219
Tetrahydroberberine,522-97-4,Alkaloids-neg-mix10,COc1ccc2c(c1OC)CN1CCc3cc4c(cc3C1C2)OCO4,C20H21NO4,[2.803],339.1470582,0,338.1397817,374.1164594,320.129217
Irinotecan,97682-44-5,Alkaloids-neg-mix10,CCc1c2c(nc3ccc(OC(=O)N4CCC(N5CCCCC5)CC4)cc13)-c1cc3c(c(=O)n1C2)COC(=O)[C@]3(O)CC,C33H38N4O6,[2.798],586.2791349,0,585.2718585,621.2485362,567.2612938
Vinburnine,4880-88-0,Alkaloids-neg-mix10,CC[C@]12CCCN3CCc4c(n(c5ccccc45)C(=O)C1)[C@@H]32,C19H22N2O,[2.739],294.1732133,0,293.1659369,329.1426146,275.1553722
Synephrine,94-07-5,Alkaloids-neg-mix10,CNCC(O)c1ccc(O)cc1,C9H13NO2,[0.352],167.0946287,0,166.0873522,202.0640299,148.0767875
Vincamine,1617-90-9,Alkaloids-neg-mix10,CC[C@]12CCCN3CCc4c(n(c5ccccc45)[C@@](O)(C(=O)OC)C1)[C@@H]32,C21H26N2O3,[2.649],354.1943427,0,353.1870663,389.163744,335.1765016
Isocorydine,475-67-2,Alkaloids-neg-mix10,COc1ccc2c(c1O)-c1c(OC)c(OC)cc3c1[C@H](C2)N(C)CC3,C20H23NO4,[2.336],341.1627082,0,340.1554318,376.1321095,322.1448671
Sanguinarine,2447-54-3,Alkaloids-neg-mix11,C[n+]1cc2c3c(ccc2c2ccc4cc5c(cc4c21)OCO5)OCO3,C20H14NO4+,[2.849],332.0917343,0,0,0,0
Cephalomannine,71610-00-9,Alkaloids-neg-mix11,C/C=C(\C)C(=O)N[C@@H](c1ccccc1)[C@@H](O)C(=O)O[C@H]1C[C@@]2(O)[C@@H](OC(=O)c3ccccc3)[C@H]3[C@](C)(C(=O)[C@H](OC(C)=O)C(=C1C)C2(C)C)[C@@H](O)C[C@H]1OC[C@]13OC(C)=O,C45H53NO14,[4.613],831.3466054,0,830.3393289,866.3160066,812.3287643
Galanthamine hydrobromide,4/4/53,Alkaloids-neg-mix11,COc1ccc2c3c1O[C@H]1C[C@@H](O)C=C[C@@]31CCN(C)C2,C17H21NO3,[1.456],287.1521435,0,286.1448671,322.1215448,268.1343024
Racanisodamine,17659-49-3,Alkaloids-neg-mix11,CN1C2CC(OC(=O)C(CO)c3ccccc3)CC1C(O)C2,C17H23NO4,"[1.77, 1.886]",305.1627082,0,304.1554318,340.1321095,286.1448671
Danofloxacin mesylate,119478-55-6,Alkaloids-neg-mix11,CN1C[C@@H]2C[C@H]1CN2c1cc2c(cc1F)c(=O)c(C(=O)O)cn2C1CC1,C19H20FN3O3,[2.14],357.1488697,0,356.1415932,392.1182709,338.1310285
Harmine,442-51-3,Alkaloids-neg-mix11,COc1ccc2c(c1)[nH]c1c(C)nccc12,C13H12N2O,[2.395],212.094963,0,211.0876866,247.0643643,193.0771219
Catharanthine sulfate,70674-90-7,Alkaloids-neg-mix11,CCC1=C[C@@H]2CN3CCc4c([nH]c5ccccc45)[C@@](C(=O)OC)(C2)[C@@H]13,C21H24N2O2,[2.926],336.183778,0,335.1765016,371.1531793,317.1659369
Harmane,486-84-0,Alkaloids-neg-mix11,Cc1nccc2c1[nH]c1ccccc12,C12H10N2,[2.155],182.0843983,0,181.0771219,217.0537996,163.0665572
Ellipticine,519-23-3,Alkaloids-neg-mix11,Cc1c2ccncc2c(C)c2c1[nH]c1ccccc12,C17H14N2,[2.898],246.1156984,0,245.108422,281.0850997,227.0978573
Higenamine hydrochloride,11041-94-4,Alkaloids-neg-mix11,Oc1ccc(CC2NCCc3cc(O)c(O)cc32)cc1,C16H17NO3,[1.612],271.1208434,0,270.113567,306.0902447,252.1030023
Betaine,107-43-7,Alkaloids-neg-mix12,C[N+](C)(C)CC(=O)[O-],C5H11NO2,[0.285],117.0789786,0,116.0717021,152.0483799,98.06113746
Tabersonine,4429-63-4,Alkaloids-neg-mix12,CC[C@]12C=CCN3CC[C@]4(C(=C(C(=O)OC)C1)Nc1ccccc14)[C@@H]32,C21H24N2O2,[3.042],336.183778,0,335.1765016,371.1531793,317.1659369
(±)-10-Hydroxycamptothecin,64439-81-2,Alkaloids-neg-mix12,CCC1(O)C(=O)OCc2c1cc1n(c2=O)Cc2cc3cc(O)ccc3nc2-1,C20H16N2O5,[2.682],364.1059216,0,363.0986452,399.0753229,345.0880805
Stachydrine Hydrochloride,4136-37-2,Alkaloids-neg-mix12,C[N+]1(C)CCC[C@H]1C(=O)[O-],C7H13NO2,[0.308],143.0946287,0,142.0873522,178.0640299,124.0767875
Lycorine,476-28-8,Alkaloids-neg-mix12,O[C@H]1C=C2CCN3Cc4cc5c(cc4[C@H]([C@@H]1O)[C@@H]23)OCO5,C16H17NO4,[1.004],287.115758,0,286.1084816,322.0851593,268.0979169
Cephalotaxine,24316-19-6,Alkaloids-neg-mix12,COC1=C[C@]23CCCN2CCc2cc4c(cc2[C@@H]3[C@@H]1O)OCO4,C18H21NO4,[1.549],315.1470582,0,314.1397817,350.1164594,296.129217
Jervine,469-59-0,Alkaloids-neg-mix12,CC1=C2C(=O)C3C(CC=C4CC(O)CCC43C)C2CCC12OC1CC(C)CNC1C2C,C27H39NO3,[3.007],425.2929941,0,424.2857177,460.2623954,406.275153
Nuciferine,475-83-2,Alkaloids-neg-mix12,COc1cc2c3c(c1OC)-c1ccccc1C[C@H]3N(C)CC2,C19H21NO2,[2.903],295.1572289,0,294.1499525,330.1266302,276.1393878
Veratramine,60-70-8,Alkaloids-neg-mix12,Cc1c([C@H](C)[C@@H]2NC[C@@H](C)C[C@H]2O)ccc2c1C[C@H]1[C@H]2CC=C2C[C@@H](O)CC[C@@]21C,C27H39NO2,[3.078],409.2980795,0,408.290803,444.2674808,390.2802384
Protopine,130-86-9,Alkaloids-neg-mix12,CN1CCc2cc3c(cc2C(=O)Cc2ccc4c(c2C1)OCO4)OCO3,C20H19NO5,[2.542],353.1263227,0,352.1190463,388.095724,334.1084816
Mimosine,500-44-7,Alkaloids-neg-mix13,N[C@@H](Cn1ccc(=O)c(O)c1)C(=O)O,C8H10N2O4,[0.284],198.0640568,0,197.0567804,233.0334581,179.0462157
Vinorelbine ditartrate,125317-39-7,Alkaloids-neg-mix13,CCC1=C[C@@H]2CN(C1)Cc1c([nH]c3ccccc13)[C@@](C(=O)OC)(c1cc3c(cc1OC)N(C)[C@H]1[C@@](O)(C(=O)OC)[C@H](OC(C)=O)[C@]4(CC)C=CCN5CC[C@]31[C@@H]54)C2,C45H54N4O8,[3.36],778.3941647,0,777.3868883,813.363566,759.3763236
Vinorelbine,71486-22-1,Alkaloids-neg-mix13,CCC1=C[C@@H]2C[N@](C1)Cc1c([nH]c3ccccc13)[C@@](C(=O)OC)(c1cc3c(cc1OC)N(C)[C@H]1[C@@](O)(C(=O)OC)[C@H](OC(C)=O)[C@]4(CC)C=CCN5CC[C@]31[C@@H]54)C2,C45H54N4O8,[3.36],778.3941647,0,777.3868883,813.363566,759.3763236
Scopine,498-45-3,Alkaloids-neg-mix13,CN1[C@H]2C[C@H](O)C[C@@H]1[C@H]1O[C@@H]21,C8H13NO2,[0.279],155.0946287,0,154.0873522,190.0640299,136.0767875
Halofuginone hydrobromide,64924-67-0,Alkaloids-neg-mix13,O=C(C[C@@H]1NCCC[C@H]1O)Cn1cnc2cc(Br)c(Cl)cc2c1=O,C16H17BrClN3O3,[2.753],413.0141812,0,412.0069052,447.983583,393.9963406
Gramine,87-52-5,Alkaloids-neg-mix13,CN(C)Cc1c[nH]c2ccccc12,C11H14N2,"[1.671, 3.057]",174.1156984,0,173.108422,209.0850997,155.0978573
Lappaconitine hydrobromide,97792-45-5,Alkaloids-neg-mix13,CCN1C[C@]2(OC(=O)c3ccccc3NC(C)=O)CC[C@H](OC)[C@]34C1[C@H](C[C@H]23)[C@@]1(O)C[C@H](OC)[C@H]2C[C@@H]4[C@]1(O)[C@H]2OC,C32H44N2O8,[2.786],584.3097664,0,583.3024899,619.2791676,565.2919252
Phellodendrine chloride,104112-82-5,Alkaloids-neg-mix13,COc1cc2c(cc1O)C[C@H]1c3cc(O)c(OC)cc3CC[N+]1(C)C2,C20H24NO4+,[1.954],342.1699847,0,0,0,0
Epigoitrin,1072-93-1,Alkaloids-neg-mix13,C=C[C@@H]1CNC(=S)O1,C5H7NOS,[1.344],129.0248348,0,128.0175586,163.9942363,110.0069939
Hydroprotopine,128397-41-1,Alkaloids-neg-mix13,C[N+]12CCc3cc4c(cc3C1(O)Cc1ccc3c(c1C2)OCO3)OCO4,C20H20NO5+,[2.542],354.1335992,0,0,0,0
Dehydrocorydaline nitrate,13005-09-9,Alkaloids-neg-mix14,COc1cc2c(cc1OC)-c1c(C)c3ccc(OC)c(OC)c3c[n+]1CC2,C22H24NO4+,[3.083],366.1699847,0,0,0,0
Nitidine chloride,13063-04-2,Alkaloids-neg-mix14,COc1cc2c[n+](C)c3c4cc5c(cc4ccc3c2cc1OC)OCO5,C21H18NO4+,[3.016],348.1230345,0,0,0,0
Aristolactam I,13395-02-3,Alkaloids-neg-mix14,COc1cccc2c1cc1c3c(cc4c(c32)OCO4)C(=O)N1,C17H11NO4,[4.161],293.0688078,0,292.0615314,328.0382091,274.0509667
Koumine,1358-76-5,Alkaloids-neg-mix14,C=C[C@@]12CN(C)[C@H]3C[C@]14C(=Nc1ccccc14)[C@@H]1C[C@@H]2[C@@H]3CO1,C20H22N2O,[2.126],306.1732133,0,305.1659369,341.1426146,287.1553722
Berberrubine chloride,15401-69-1,Alkaloids-neg-mix14,COc1ccc2cc3[n+](cc2c1O)CCc1cc2c(cc1-3)OCO2,C19H16NO4+,[1.7],322.1073844,0,0,0,0
Usaramine,15503-87-4,Alkaloids-neg-mix14,C/C=C1\C[C@@H](C)[C@](O)(CO)C(=O)OCC2=CCN3CC[C@@H](OC1=O)[C@@H]23,C18H25NO6,[1.903],351.1681875,0,350.1609111,386.1375888,332.1503464
Palmaturbine,16176-68-4,Alkaloids-neg-mix14,COc1cc2c(cc1OC)-c1cc3ccc(OC)c(O)c3c[n+]1CC2,C20H20NO4+,[2.758],338.1386845,0,0,0,0
Peiminine,18059-10-4,Alkaloids-neg-mix14,C[C@H]1CC[C@@H]2N(C1)C[C@@H]1[C@H](CC[C@H]3[C@@H]4CC(=O)[C@H]5C[C@@H](O)CC[C@]5(C)[C@H]4C[C@H]31)[C@]2(C)O,C27H43NO3,[2.725],429.3242942,0,428.3170178,464.2936955,410.3064531
Crotonoside,1818-71-9,Alkaloids-neg-mix14,Nc1[nH]c(=O)nc2c1ncn2[C@@H]1O[C@H](CO)[C@@H](O)[C@H]1O,C10H13N5O5,"[0.345, 0.501]",283.0916685,0,282.0843921,318.0610698,264.0738274
Sinapine,18696-26-9,Alkaloids-neg-mix14,COc1cc(/C=C/C(=O)OCC[N+](C)(C)C)cc(OC)c1O,C16H24NO5+,[1.955],310.1648993,0,0,0,0
Acetylcorynoline,18797-80-3,Alkaloids-neg-mix15,CC(=O)O[C@H]1Cc2cc3c(cc2[C@H]2N(C)Cc4c(ccc5c4OCO5)[C@@]12C)OCO3,C23H23NO6,[2.994],409.1525375,0,408.145261,444.1219387,390.1346963
7-hydroxy-4-methyl-8-nitrocoumarin,19037-69-5,Alkaloids-neg-mix15,Cc1cc(=O)oc2c([N+](=O)[O-])c(O)ccc12,C10H7NO5,[2.941],221.0324223,0,220.0251459,256.0018236,202.0145812
Solasonine,19121-58-5,Alkaloids-neg-mix15,C[C@@H]1O[C@@H](O[C@@H]2[C@@H](O[C@@H]3O[C@H](CO)[C@@H](O)[C@H](O)[C@H]3O)[C@@H](O)[C@@H](CO)O[C@H]2O[C@H]2CC[C@@]3(C)C(=CC[C@H]4[C@@H]5C[C@@H]6O[C@]7(CC[C@@H](C)CN7)[C@@H](C)[C@@H]6[C@@]5(C)CC[C@@H]43)C2)[C@H](O)[C@H](O)[C@H]1O,C45H73NO16,[2.953],883.4929353,0,882.4856588,918.4623365,864.4750941
Peimisine,19773-24-1,Alkaloids-neg-mix15,CC1=C2C[C@H]3[C@@H](CC(=O)[C@H]4C[C@@H](O)CC[C@@]43C)[C@@H]2CC[C@]12O[C@@H]1C[C@H](C)CN[C@H]1[C@H]2C,C27H41NO3,[2.569],427.3086442,0,426.3013677,462.2780454,408.290803
Solamargine,20311-51-7,Alkaloids-neg-mix15,C[C@@H]1O[C@@H](O[C@H]2[C@H](O)[C@@H](O[C@@H]3O[C@@H](C)[C@H](O)[C@@H](O)[C@H]3O)[C@H](O[C@H]3CC[C@@]4(C)C(=CC[C@H]5[C@@H]6C[C@@H]7O[C@]8(CC[C@@H](C)CN8)[C@@H](C)[C@@H]7[C@@]6(C)CC[C@@H]54)C3)O[C@@H]2CO)[C@H](O)[C@H](O)[C@H]1O,C45H73NO15,[3.028],867.4980206,0,866.4907442,902.4674219,848.4801795
Talatisamine,20501-56-8,Alkaloids-neg-mix15,CCN1C[C@]2(COC)CC[C@H](OC)[C@]34C1[C@H](C[C@H]23)[C@@]1(O)C[C@H](OC)[C@H]2C[C@@H]4[C@@H]1[C@H]2O,C24H39NO5,[2.201],421.2828233,0,420.2755469,456.2522246,402.2649822
Berberine,2086-83-1,Alkaloids-neg-mix15,COc1ccc2cc3[n+](cc2c1OC)CCc1cc2c(cc1-3)OCO2,C20H18NO4+,[2.939],336.1230345,0,0,0,0
Dendrobine,2115-91-5,Alkaloids-neg-mix15,CC(C)[C@@H]1[C@H]2OC(=O)[C@@H]1[C@@H]1CC[C@@H]3CN(C)[C@H]2[C@@]31C,C16H25NO2,[2.286],263.188529,0,262.1812526,298.1579303,244.1706879
(S)-Indoximod,21339-55-9,Alkaloids-neg-mix15,Cn1cc(C[C@H](N)C(=O)O)c2ccccc21,C12H14N2O2,[2.041],218.1055277,0,217.0982512,253.074929,199.0876866
(+)-Magnoflorine,9/5/41,Alkaloids-neg-mix15,COc1ccc2c(c1O)-c1c(O)c(OC)cc3c1[C@H](C2)[N+](C)(C)CC3,C20H24NO4+,[2.034],342.1699847,0,0,0,0
Neferine,2292-16-2,Alkaloids-neg-mix16,COc1ccc(C[C@@H]2c3cc(Oc4cc(C[C@@H]5c6cc(OC)c(OC)cc6CCN5C)ccc4O)c(OC)cc3CCN2C)cc1,C38H44N2O6,[2.415],624.3199371,0,623.3126607,659.2893384,605.302096
Peimine,23496-41-5,Alkaloids-neg-mix16,C[C@H]1CC[C@@H]2N(C1)C[C@@H]1[C@H](CC[C@H]3[C@@H]4C[C@H](O)[C@H]5C[C@@H](O)CC[C@]5(C)[C@H]4C[C@H]31)[C@]2(C)O,C27H45NO3,[2.639],431.3399443,0,430.3326679,466.3093456,412.3221032
Norisoboldine,23599-69-1,Alkaloids-neg-mix16,COc1cc2c(cc1O)C[C@@H]1NCCc3cc(OC)c(O)c-2c31,C18H19NO4,[1.962],313.1314081,0,312.1241316,348.1008094,294.113567
Leonurine,24697-74-3,Alkaloids-neg-mix16,COc1cc(C(=O)OCCCCNC(=N)N)cc(OC)c1O,C14H21N3O5,"[2.192, 2.366]",311.1481208,0,310.1408443,346.117522,292.1302797
Crebanine,25127-29-1,Alkaloids-neg-mix16,COc1ccc2c(c1OC)C[C@@H]1c3c(cc4c(c3-2)OCO4)CCN1C,C20H21NO4,[2.946],339.1470582,0,338.1397817,374.1164594,320.129217
Demethyleneberberine,25459-91-0,Alkaloids-neg-mix16,COc1ccc2cc3[n+](cc2c1OC)CCc1cc(O)c(O)cc1-3,C19H18NO4+,[2.451],324.1230345,0,0,0,0
Liensinine,2586-96-1,Alkaloids-neg-mix16,COc1cc2c(cc1OC)[C@@H](Cc1ccc(O)c(Oc3cc4c(cc3OC)CCN(C)[C@@H]4Cc3ccc(O)cc3)c1)N(C)CC2,C37H42N2O6,[2.137],610.3042871,0,609.2970106,645.2736883,591.2864459
Mesaconitine,2752-64-9,Alkaloids-neg-mix16,COC[C@]12CN(C)[C@@H]3C4[C@H](OC)[C@H]1[C@@]3([C@@H](OC)C[C@H]2O)[C@@H]1C[C@]2(O)[C@@H](OC)[C@H](O)[C@@]4(OC(C)=O)[C@H]1[C@H]2OC(=O)c1ccccc1,C33H45NO11,[3.376],631.2992613,0,630.2919848,666.2686625,612.2814201
3-Deoxyaconitine,3175-95-9,Alkaloids-neg-mix16,CCN1C[C@]2(COC)CC[C@H](OC)[C@]34C1[C@H]([C@H](OC)[C@H]23)[C@@]1(OC(C)=O)[C@@H](O)[C@H](OC)[C@@]2(O)C[C@@H]4[C@@H]1[C@H]2OC(=O)c1ccccc1,C34H47NO10,[3.764],629.3199967,0,628.3127203,664.289398,610.3021556
Chelerythrine,34316-15-9,Alkaloids-neg-mix16,COc1ccc2c(c[n+](C)c3c4cc5c(cc4ccc23)OCO5)c1OC,C21H18NO4+,[3.115],348.1230345,0,0,0,0
Coptisine,3486-66-6,Alkaloids-neg-mix17,c1c2c(cc3c1OCO3)-c1cc3ccc4c(c3c[n+]1CC2)OCO4,C19H14NO4+,[2.662],320.0917343,0,0,0,0
Palmatine,3486-67-7,Alkaloids-neg-mix17,COc1cc2c(cc1OC)-c1cc3ccc(OC)c(OC)c3c[n+]1CC2,C21H22NO4+,[2.947],352.1543346,0,0,0,0
Columbamine,3621-36-1,Alkaloids-neg-mix17,COc1cc2c(cc1O)-c1cc3ccc(OC)c(OC)c3c[n+]1CC2,C20H20NO4+,[2.669],338.1386845,0,0,0,0
Cephaeline hydrochloride,3738-70-3,Alkaloids-neg-mix17,CC[C@H]1CN2CCc3cc(OC)c(OC)cc3[C@@H]2C[C@@H]1C[C@H]1NCCc2cc(O)c(OC)cc21,C28H38N2O4,[1.83],466.2831577,0,465.2758813,501.252559,447.2653166
Sinigrin,3952-98-5,Alkaloids-neg-mix17,C=CC/C(=N\OS(=O)(=O)O)S[C@@H]1O[C@H](CO)[C@@H](O)[C@H](O)[C@H]1O,C10H17NO9S2,[0.488],359.0344731,0,358.027197,394.0038747,340.0166323
(+)-Magnoflorine iodide,4277-43-4,Alkaloids-neg-mix17,COc1ccc2c(c1O)-c1c(O)c(OC)cc3c1[C@H](C2)[N+](C)(C)CC3,C20H24NO4+,[2.031],342.1699847,0,0,0,0
Neoline,466-26-2,Alkaloids-neg-mix17,CCN1C[C@]2(COC)CC[C@H](O)[C@]34C1[C@@H]([C@H](OC)[C@H]23)[C@@]1(O)C[C@H](OC)[C@H]2C[C@@H]4[C@@H]1[C@H]2O,C24H39NO6,[2.064],437.277738,0,436.2704615,472.2471392,418.2598968
Chelidonine,476-32-4,Alkaloids-neg-mix17,CN1Cc2c(ccc3c2OCO3)[C@H]2[C@@H](O)Cc3cc4c(cc3[C@H]21)OCO4,C20H19NO5,[2.62],353.1263227,0,352.1190463,388.095724,334.1084816
Berbamine,478-61-5,Alkaloids-neg-mix17,COc1cc2c3cc1Oc1c(OC)c(OC)cc4c1[C@@H](Cc1ccc(O)c(c1)Oc1ccc(cc1)C[C@@H]3N(C)CC2)N(C)CC4,C37H40N2O6,[2.35],608.288637,0,607.2813606,643.2580383,589.2707959
Allocryptopine,485-91-6,Alkaloids-neg-mix17,COc1ccc2c(c1OC)CN(C)CCc1cc3c(cc1C(=O)C2)OCO3,C21H23NO5,[2.678],369.1576228,0,368.1503464,404.1270241,350.1397817
N-Methylcytisine,486-86-2,Alkaloids-neg-mix18,CN1C[C@@H]2C[C@H](C1)c1cccc(=O)n1C2,C12H16N2O,"[0.343, 0.492]",204.1262631,0,203.1189867,239.0956644,185.108422
Thermopsine,486-90-8,Alkaloids-neg-mix18,O=c1cccc2n1C[C@@H]1C[C@H]2CN2CCCC[C@@H]12,C15H20N2O,"[0.345, 0.544]",244.1575633,0,243.1502868,279.1269645,225.1397221
Gelsemine,509-15-9,Alkaloids-neg-mix18,C=CC12CN(C)C3C4CO[C@H](C[C@H]41)[C@]1(C(=O)Nc4ccccc41)C32,C20H22N2O2,[1.882],322.1681279,0,321.1608515,357.1375292,303.1502868
Delsoline,509-18-2,Alkaloids-neg-mix18,CCN1C[C@]2(COC)CC[C@H](O)[C@]34C1[C@](O)([C@@H](OC)[C@H]23)[C@@]1(O)C[C@H](OC)[C@H]2C[C@@H]4[C@@H]1[C@H]2OC,C25H41NO7,[2.328],467.2883027,0,466.2810262,502.2577039,448.2704615
Aconine,509-20-6,Alkaloids-neg-mix18,CCN1C[C@@]2(COC)[C@H]3[C@@H](OC)[C@H]4C1[C@]3([C@@H](OC)C[C@H]2O)[C@@H]1C[C@]2(O)[C@@H](OC)[C@H](O)[C@@]4(O)[C@H]1[C@H]2O,C25H41NO9,[1.837],499.2781319,0,498.2708554,534.2475332,480.2602908
Corydaline,518-69-4,Alkaloids-neg-mix18,COc1cc2c(cc1OC)[C@H]1[C@@H](C)c3ccc(OC)c(OC)c3CN1CC2,C22H27NO4,[2.878],369.1940083,0,368.1867319,404.1634096,350.1761672
Dauricine,524-17-4,Alkaloids-neg-mix18,COc1cc2c(cc1OC)[C@@H](Cc1ccc(Oc3cc(C[C@@H]4c5cc(OC)c(OC)cc5CCN4C)ccc3O)cc1)N(C)CC2,C38H44N2O6,[2.384],624.3199371,0,623.3126607,659.2893384,605.302096
dencichine,5302-45-4,Alkaloids-neg-mix18,N[C@@H](CNC(=O)C(=O)O)C(=O)O,C5H8N2O5,[4.151],176.0433214,0,175.0360449,211.0127226,157.0254802
Coixol,532-91-2,Alkaloids-neg-mix18,COc1ccc2[nH]c(=O)oc2c1,C8H7NO3,[2.495],165.0425931,0,164.0353166,200.0119944,146.024752
Synephrine hydrochloride,5985-28-4,Alkaloids-neg-mix18,CNCC(O)c1ccc(O)cc1,C9H13NO2,[0.342],167.0946287,0,166.0873522,202.0640299,148.0767875
Coptisine chloride,6020-18-4,Alkaloids-neg-mix19,c1c2c(cc3c1OCO3)-c1cc3ccc4c(c3c[n+]1CC2)OCO4,C19H14NO4+,[2.661],320.0917343,0,0,0,0
L-Hyoscyamine sulfate,620-61-1,Alkaloids-neg-mix19,CN1[C@H]2CC[C@@H]1C[C@H](OC(=O)[C@H](CO)c1ccccc1)C2,C17H23NO3,[2.123],289.1677936,0,288.1605172,324.1371949,270.1499525
Berberine hydrogen sulphate,633-66-9,Alkaloids-neg-mix19,COc1ccc2cc3[n+](cc2c1OC)CCc1cc2c(cc1-3)OCO2,C20H18NO4+,"[2.942, 2.682]",336.1230345,0,0,0,0
N-trans-Feruloyltyramine,66648-43-9,Alkaloids-neg-mix19,COc1cc(/C=C/C(=O)NCCc2ccc(O)cc2)ccc1O,C18H19NO4,[2.915],313.1314081,0,312.1241316,348.1008094,294.113567
Isoliensinine,6817-41-0,Alkaloids-neg-mix19,COc1ccc(C[C@@H]2c3cc(Oc4cc(C[C@@H]5c6cc(O)c(OC)cc6CCN5C)ccc4O)c(OC)cc3CCN2C)cc1,C37H42N2O6,[2.24],610.3042871,0,609.2970106,645.2736883,591.2864459
Deltaline,11/9/36,Alkaloids-neg-mix19,CCN1C[C@]2(C)CC[C@H](OC)[C@@]34[C@H]1[C@]1(OCO[C@@]15C[C@H](OC)[C@H]1C[C@]3(O)[C@@H]5[C@H]1OC)[C@@H](OC(C)=O)[C@H]24,C27H41NO8,[2.455],507.2832173,0,506.2759408,542.2526185,488.2653761
Isorhynchophylline,1/4/59,Alkaloids-neg-mix19,CC[C@H]1CN2CC[C@@]3(C(=O)Nc4ccccc43)[C@@H]2C[C@@H]1/C(=C\OC)C(=O)OC,C22H28N2O4,"[2.761, 2.899]",384.2049074,0,383.1976309,419.1743087,365.1870663
Epiberberine,9/2/73,Alkaloids-neg-mix19,COc1cc2c(cc1OC)-c1cc3ccc4c(c3c[n+]1CC2)OCO4,C20H18NO4+,"[2.942, 2.682]",336.1230345,0,0,0,0
Phellodendrine,6873-13-8,Alkaloids-neg-mix19,COc1cc2c(cc1O)C[C@H]1c3cc(O)c(OC)cc3CC[N@@+]1(C)C2,C20H24NO4+,[1.951],342.1699847,0,0,0,0
Corynoxine,6877-32-3,Alkaloids-neg-mix48,CC[C@@H]1CN2CC[C@@]3(C(=O)Nc4ccccc43)[C@@H]2C[C@@H]1/C(=C\OC)C(=O)OC,C22H28N2O4,"[2.805, 2.98]",384.2049074,0,383.1976309,419.1743087,365.1870663
Tuberostemonine,1/2/79,Alkaloids-neg-mix20,CC[C@H]1[C@@H]2OC(=O)[C@@H](C)[C@@H]2[C@H]2C[C@@H]([C@@H]3C[C@H](C)C(=O)O3)N3CCCC[C@H]1[C@H]23,C22H33NO4,"[1.849, 2.483]",375.2409585,0,374.2336821,410.2103598,356.2231174
Dihydrochelerythrine,6880-91-7,Alkaloids-neg-mix20,COc1ccc2c(c1OC)CN(C)c1c-2ccc2cc3c(cc12)OCO3,C21H19NO4,[5.327],349.1314081,0,348.1241316,384.1008094,330.113567
Hypaconitine,6900-87-4,Alkaloids-neg-mix20,COC[C@@]12CC[C@H](OC)[C@@]34[C@@H]5C[C@]6(O)[C@@H](OC)[C@H](O)[C@](OC(C)=O)([C@@H]([C@H](OC)[C@H]13)[C@H]4N(C)C2)[C@H]5[C@H]6OC(=O)c1ccccc1,C33H45NO10,[3.567],615.3043466,0,614.2970702,650.2737479,596.2865055
Lycobetaine,72510-04-4,Alkaloids-neg-mix20,Oc1cc2c3c(c1)c1cc4c(cc1c[n+]3CC2)OCO4,C16H12NO3+,[2.068],266.0811697,0,0,0,0
Rhynchophylline,76-66-4,Alkaloids-neg-mix20,CC[C@H]1CN2CC[C@]3(C(=O)Nc4ccccc43)[C@@H]2C[C@@H]1/C(=C\OC)C(=O)OC,C22H28N2O4,[2.894],384.2049074,0,383.1976309,419.1743087,365.1870663
Crassicauline A,79592-91-9,Alkaloids-neg-mix20,CCN1C[C@]2(COC)CC[C@H](OC)[C@@]34[C@@H]5C[C@]6(O)[C@@H](OC)C[C@](OC(C)=O)(C([C@H](OC)[C@H]23)[C@@H]14)[C@H]5[C@H]6OC(=O)c1ccc(OC)cc1,C35H49NO10,[3.745],643.3356468,0,642.3283703,678.305048,624.3178056
Fuziline,80665-72-1,Alkaloids-neg-mix20,CCN1C[C@]2(COC)CC[C@H](O)[C@@]34[C@@H]5C[C@H]6[C@H](O)[C@@H]5[C@@](O)(C([C@H](OC)[C@H]23)[C@@H]14)[C@@H](O)[C@@H]6OC,C24H39NO7,[1.99],453.2726526,0,452.2653761,488.2420539,434.2548115
Humantenmine,82354-38-9,Alkaloids-neg-mix20,CCC1=N[C@H]2C[C@@]3(C(=O)N(OC)c4ccccc43)[C@H]3C[C@@H]1[C@@H]2CO3,C19H22N2O3,[2.362],326.1630426,0,325.1557661,361.1324438,307.1452014
Hupehenine,98243-57-3,Alkaloids-neg-mix20,C[C@H]1CC[C@H]2[C@H](C)[C@@H]3CC[C@H]4[C@@H]5C[C@@H](O)[C@H]6C[C@@H](O)CC[C@]6(C)[C@H]5C[C@H]4[C@@H]3CN2C1,C27H45NO2,[2.915],415.3450297,0,414.3377532,450.314431,396.3271886
12-Epinapelline,110064-71-6,Alkaloids-neg-mix21,C=C1[C@H]2C[C@@]3(C4C[C@@H]5[C@@]6(C)CC[C@H](O)[C@@]5(C4N(CC)C6)[C@@H]3C[C@H]2O)[C@@H]1O,C22H33NO3,[3.787],359.2460439,0,358.2387675,394.2154452,340.2282028
Hypaphorine,487-58-1,Alkaloids-neg-mix21,C[N+](C)(C)[C@@H](Cc1c[nH]c2ccccc12)C(=O)[O-],C14H18N2O2,[1.735],246.1368278,0,245.1295514,281.1062291,227.1189867
Songorine,509-24-0,Alkaloids-neg-mix21,C=C1[C@@H]2C[C@]3([C@@H]1O)[C@H]1C[C@@H]4[C@@]5(C)CC[C@H](O)[C@@]4(C1N(CC)C5)[C@@H]3CC2=O,C22H31NO3,[1.819],357.2303939,0,356.2231174,392.1997951,338.2125527
Corynoxeine,630-94-4,Alkaloids-neg-mix21,C=C[C@H]1CN2CC[C@]3(C(=O)Nc4ccccc43)[C@@H]2C[C@@H]1/C(=C\OC)C(=O)OC,C22H26N2O4,"[2.777, 2.68]",382.1892573,0,381.1819809,417.1586586,363.1714162
Wilforgine,37239-47-7,Alkaloids-neg-mix21,CC(=O)OC[C@]12[C@H](OC(C)=O)[C@H](OC(C)=O)[C@@H]3[C@@H](OC(C)=O)[C@@]14O[C@@]3(C)COC(=O)c1cccnc1CCC(C)C(=O)O[C@@H]([C@H](OC(=O)c1ccoc1)[C@@H]2OC(C)=O)[C@]4(C)O,C41H47NO19,[4.628],857.2742283,0,856.2669518,892.2436296,838.2563872
Piperlongumine,20069-09-4,Alkaloids-neg-mix21,COc1cc(/C=C/C(=O)N2CCC=CC2=O)cc(OC)c1OC,C17H19NO5,[3.787],317.1263227,0,316.1190463,352.095724,298.1084816
Bullatine A,1354-84-3,Alkaloids-neg-mix21,C=C1C2CCC3(C([C@H]2O)[C@@]24CCC[C@@]5(C)CN(CC)C2[C@@H]3C[C@@H]45)[C@@H]1O,C22H33NO2,[1.805],343.2511293,0,342.2438529,378.2205306,324.2332882
Leonurine hydrochloride,24735-18-0,Alkaloids-neg-mix21,COc1cc(C(=O)OCCCCNC(=N)N)cc(OC)c1O,C14H21N3O5,[2.193],311.1481208,0,310.1408443,346.117522,292.1302797
Khasianine,32449-98-2,Alkaloids-neg-mix21,C[C@@H]1O[C@@H](O[C@@H]2[C@@H](CO)O[C@@H](O[C@H]3CC[C@@]4(C)C(=CC[C@H]5[C@@H]6C[C@@H]7O[C@@]8(CC[C@@H](C)CN8)[C@@H](C)[C@@H]7[C@@]6(C)CC[C@@H]54)C3)[C@H](O)[C@H]2O)[C@H](O)[C@H](O)[C@H]1O,C39H63NO11,[3.23],721.4401118,0,720.4328354,756.4095131,702.4222707
Liensinine diperchlorate,5088-90-4,Alkaloids-neg-mix21,COc1cc2c(cc1OC)C(Cc1ccc(O)c(Oc3cc4c(cc3OC)CCN(C)[C@@H]4Cc3ccc(O)cc3)c1)N(C)CC2,C37H42N2O6,[2.138],610.3042871,0,609.2970106,645.2736883,591.2864459
(+)-Magnoflorine chloride,6681-18-1,Alkaloids-neg-mix22,COc1ccc2c(c1O)-c1c(O)c(OC)cc3c1[C@H](C2)[N+](C)(C)CC3,C20H24NO4+,[2.514],342.1699847,0,0,0,0
Flaconitine,77181-26-1,Alkaloids-neg-mix22,CCN1C[C@@]2(COC)[C@H]3[C@@H](OC)[C@H]4C1[C@]3([C@@H](OC)C[C@H]2OC(C)=O)[C@@H]1C[C@]2(O)[C@@H](OC)[C@H](O)[C@@]4(OC(C)=O)[C@H]1[C@H]2OC(=O)c1ccccc1,C36H49NO12,[3.683],687.325476,0,686.3181996,722.2948773,668.3076349
L-Sophoridine,83148-91-8,Alkaloids-neg-mix22,O=C1CCC[C@H]2[C@@H]3CCCN4CCC[C@@H](CN12)[C@H]34,C15H24N2O,[1.35],248.1888634,0,247.1815869,283.1582647,229.1710223
Norharmane,244-63-3,Alkaloids-neg-mix22,c1ccc2c(c1)[nH]c1cnccc12,C11H8N2,[2.008],168.0687483,0,167.0614718,203.0381495,149.0509071
"N-Benzoyl-(2R,3S)-3-phenylisoserine",132201-33-3,Alkaloids-neg-mix22,O=C(N[C@@H](c1ccccc1)[C@@H](O)C(=O)O)c1ccccc1,C16H15NO4,[2.92],285.100108,0,284.0928315,320.0695092,266.0822668
(R)-(+)-Corypalmine,13063-54-2,Alkaloids-neg-mix22,COc1cc2c(cc1O)CCN1Cc3c(ccc(OC)c3OC)C[C@H]21,C20H23NO4,[2.488],341.1627082,0,340.1554318,376.1321095,322.1448671
Homoharringtonine,26833-87-4,Alkaloids-neg-mix22,COC(=O)C[C@](O)(CCCC(C)(C)O)C(=O)O[C@@H]1C(OC)=C[C@]23CCCN2CCc2cc4c(cc2[C@H]13)OCO4,C29H39NO9,[2.49],545.2624818,0,544.2552054,580.2318831,526.2446407
Quinine dihydrochloride,60-93-5,Alkaloids-neg-mix22,C=C[C@H]1C[N@@]2CC[C@H]1C[C@H]2[C@H](O)c1ccnc2ccc(OC)cc12,C20H24N2O2,[2.073],324.183778,0,323.1765016,359.1531793,305.1659369
Rauwolscine hydrochloride,6211-32-1,Alkaloids-neg-mix22,COC(=O)[C@@H]1[C@@H](O)CC[C@@H]2CN3CCc4c([nH]c5ccccc45)[C@@H]3C[C@@H]21,C21H26N2O3,[2.514],354.1943427,0,353.1870663,389.163744,335.1765016
Ajmaline,12/7/60,Alkaloids-neg-mix22,CC[C@H]1[C@@H]2C[C@H]3[C@@H]4N(C)c5ccccc5[C@]45C[C@@H](C2[C@H]5O)N3[C@@H]1O,C20H26N2O2,[2.421],326.1994281,0,325.1921516,361.1688293,307.1815869
Dihydrolycorine,6271-21-2,Alkaloids-neg-mix23,O[C@H]1C[C@H]2CCN3Cc4cc5c(cc4[C@H]([C@@H]1O)[C@@H]23)OCO5,C16H19NO4,[2.915],289.1314081,0,288.1241316,324.1008094,270.113567
Huperzine B,103548-82-9,Alkaloids-neg-mix23,CC1=C[C@H]2Cc3[nH]c(=O)ccc3[C@]3(C1)NCCC[C@H]23,C16H20N2O,[1.559],256.1575633,0,255.1502868,291.1269645,237.1397221
N-Methylnuciferine,754919-24-9,Alkaloids-neg-mix23,COc1cc2c3c(c1OC)-c1ccccc1C[C@H]3[N+](C)(C)CC2,C20H24NO2+,[2.894],310.1801554,0,0,0,0
9-Methoxycanthin-6-one,74991-91-6,Alkaloids-neg-mix23,COc1ccc2c3ccnc4ccc(=O)n(c2c1)c43,C15H10N2O2,[3.432],250.0742276,0,249.0669511,285.0436288,231.0563864
VASICINE,6159-55-3,Alkaloids-neg-mix23,O[C@H]1CCN2Cc3ccccc3N=C12,C11H12N2O,[1.397],188.094963,0,187.0876866,223.0643643,169.0771219
TOMATIDINE HYDROCHLORIDE,6192-62-7,Alkaloids-neg-mix23,C[C@H]1CC[C@]2(NC1)O[C@H]1C[C@H]3[C@@H]4CC[C@H]5C[C@@H](O)CC[C@]5(C)[C@H]4CC[C@]3(C)[C@H]1[C@@H]2C,C27H45NO2,[3.78],415.3450297,0,414.3377532,450.314431,396.3271886
Pyrrole-2-carboxylic acid,634-97-9,Alkaloids-neg-mix23,O=C(O)c1ccc[nH]1,C5H5NO2,[1.5],111.0320284,0,110.024752,146.0014297,92.01418727
Lumichrome,1086-80-2,Alkaloids-neg-mix23,Cc1cc2nc3[nH]c(=O)[nH]c(=O)c3nc2cc1C,C12H10N4O2,[2.639],242.0803756,0,241.0730991,277.0497768,223.0625344
Neotuberostemonine,143120-46-1,Alkaloids-neg-mix23,CC[C@@H]1[C@H]2CCCCN3[C@H]([C@@H]4C[C@H](C)C(=O)O4)C[C@@H]([C@@H]4[C@H](C)C(=O)O[C@@H]41)[C@@H]23,C22H33NO4,[2.393],375.2409585,0,374.2336821,410.2103598,356.2231174
Tomatine,17406-45-0,Alkaloids-neg-mix23,C[C@H]1CC[C@]2(NC1)O[C@H]1C[C@H]3[C@@H]4CC[C@H]5C[C@@H](O[C@@H]6O[C@H](CO)[C@H](O[C@@H]7O[C@H](CO)[C@@H](O)[C@H](O[C@@H]8OC[C@@H](O)[C@H](O)[C@H]8O)[C@H]7O[C@@H]7O[C@H](CO)[C@@H](O)[C@H](O)[C@H]7O)[C@H](O)[C@H]6O)CC[C@]5(C)[C@H]4CC[C@]3(C)[C@H]1[C@@H]2C,C50H83NO21,[2.994],1033.545759,0,1032.538482,1068.51516,1014.527918
Ellipticine hydrochloride,5081-48-1,Alkaloids-neg-mix24,Cc1c2ccncc2c(C)c2c1[nH]c1ccccc12,C17H14N2,[2.692],246.1156984,0,245.108422,281.0850997,227.0978573
Picolinamide,1452-77-3,Alkaloids-neg-mix24,NC(=O)c1ccccn1,C6H6N2O,[1.341],122.0480128,0,121.0407364,157.0174141,103.0301717
Boldine,476-70-0,Alkaloids-neg-mix24,COc1cc2c(cc1O)C[C@H]1c3c(cc(O)c(OC)c3-2)CCN1C,C19H21NO4,[2.005],327.1470582,0,326.1397817,362.1164594,308.129217
Dictamine,484-29-7,Alkaloids-neg-mix24,COc1c2ccccc2nc2occc12,C12H9NO2,[3.686],199.0633285,0,198.0560521,234.0327298,180.0454874
Aurantiamide,58115-31-4,Alkaloids-neg-mix24,O=C(N[C@@H](Cc1ccccc1)C(=O)N[C@H](CO)Cc1ccccc1)c1ccccc1,C25H26N2O3,[4.071],402.1943427,0,401.1870663,437.163744,383.1765016
Stylopine hydrochloride,96087-21-7,Alkaloids-neg-mix24,c1cc2c(c3c1CC1c4cc5c(cc4CCN1C3)OCO5)OCO2,C19H17NO4,[2.692],323.115758,0,322.1084816,358.0851593,304.0979169
"1-Methyl-6-oxo-1,6-dihydropyridine-3-carboxylic acid",3719-45-7,Alkaloids-neg-mix24,Cn1cc(C(=O)O)ccc1=O,C7H7NO3,[1.162],153.0425931,0,152.0353166,188.0119944,134.024752
Stachydrine,471-87-4,Alkaloids-neg-mix24,C[N+]1(C)CCC[C@H]1C(=O)[O-],C7H13NO2,[0.308],143.0946287,0,142.0873522,178.0640299,124.0767875
L-(+)-Abrine,526-31-8,Alkaloids-neg-mix24,CN[C@@H](Cc1c[nH]c2ccccc12)C(=O)O,C12H14N2O2,[1.576],218.1055277,0,217.0982512,253.074929,199.0876866
TABERSONINE HYDROCHLORIDE,29479-00-3,Alkaloids-neg-mix24,CC[C@]12C=CCN3CC[C@]4(C(=C(C(=O)OC)C1)Nc1ccccc14)[C@@H]32,C21H24N2O2,[3.045],336.183778,0,335.1765016,371.1531793,317.1659369
9-Methoxycamptothecin,39026-92-1,Alkaloids-neg-mix25,CC[C@@]1(O)C(=O)OCc2c1cc1n(c2=O)Cc2cc3c(OC)cccc3nc2-1,C21H18N2O5,[1.937],378.1215717,0,377.1142952,413.0909729,359.1037306
TETRAHYDROPIPERINE,23434-88-0,Alkaloids-neg-mix25,O=C(CCCCc1ccc2c(c1)OCO2)N1CCCCC1,C17H23NO3,[4.481],289.1677936,0,288.1605172,324.1371949,270.1499525
Allosecurinine,884-68-4,Alkaloids-neg-mix25,O=C1C=C2C=CC3CC2(O1)C1CCCCN31,C13H15NO2,[0.933],217.1102787,0,216.1030023,252.07968,198.0924376
(+)-Coclaurine,2196-60-3,Alkaloids-neg-mix25,COc1cc2c(cc1O)[C@@H](Cc1ccc(O)cc1)NCC2,C17H19NO3,[1.937],285.1364935,0,284.129217,320.1058947,266.1186523
Ipecoside,15401-60-2,Alkaloids-neg-mix25,C=C[C@H]1[C@H](O[C@@H]2O[C@H](CO)[C@@H](O)[C@H](O)[C@H]2O)OC=C(C(=O)OC)[C@H]1C[C@@H]1c2cc(O)c(O)cc2CCN1C(C)=O,C27H35NO12,[2.522],565.2159256,0,564.2086491,600.1853268,546.1980844
ranaconitine,1360-76-5,Alkaloids-neg-mix25,CCN1C[C@]2(OC(=O)c3ccccc3NC(C)=O)CC[C@H](OC)[C@@]34[C@@H]2C[C@@](O)([C@@H]13)[C@@]1(O)C[C@H](OC)C2C[C@@H]4[C@]1(O)[C@H]2OC,C32H44N2O9,[2.796],600.304681,0,599.2974046,635.2740823,581.2868399
Oxyberberine,549-21-3,Alkaloids-neg-mix25,COc1ccc2cc3n(c(=O)c2c1OC)CCc1cc2c(cc1-3)OCO2,C20H17NO5,[4.161],351.1106726,0,350.1033962,386.0800739,332.0928315
(-​)​-​Salutaridine,4090-18-0,Alkaloids-neg-mix25,COC1=C[C@@]23CCN(C)[C@@H](Cc4ccc(OC)c(O)c42)C3=CC1=O,C19H21NO4,[2.093],327.1470582,0,326.1397817,362.1164594,308.129217
TriacetonaMine,826-36-8,Alkaloids-neg-mix25,CC1(C)CC(=O)CC(C)(C)N1,C9H17NO,"[0.541, 2.553]",155.1310142,0,154.1237377,190.1004154,136.113173
Tropine,120-29-6,Alkaloids-neg-mix25,CN1[C@H]2CC[C@@H]1C[C@H](O)C2,C8H15NO,[0.325],141.1153641,0,140.1080877,176.0847654,122.097523
Dihydrosanguinarine,3606-45-9,Alkaloids-neg-mix26,CN1Cc2c(ccc3c2OCO3)-c2ccc3cc4c(cc3c21)OCO4,C20H15NO4,[2.209],333.100108,0,332.0928315,368.0695092,314.0822668
Guvacoline hydrochloride,6197-39-3,Alkaloids-neg-mix26,COC(=O)C1=CCCNC1,C7H11NO2,[0.351],141.0789786,0,140.0717021,176.0483799,122.0611375
Sapropterin dihydrochloride,69056-38-8,Alkaloids-neg-mix26,C[C@H](O)[C@H](O)[C@H]1CNc2nc(N)[nH]c(=O)c2N1,C9H15N5O3,"[0.53, 1.216, 2.217]",241.1174893,0,240.1102129,276.0868906,222.0996482
Chelidonine hydrochloride,4312-31-6,Alkaloids-neg-mix26,CN1Cc2c(ccc3c2OCO3)[C@H]2[C@@H](O)Cc3cc4c(cc3[C@H]21)OCO4,C20H19NO5,[2.617],353.1263227,0,352.1190463,388.095724,334.1084816
Hydroquinine,522-66-7,Alkaloids-neg-mix26,CCC1CN2CCC1CC2C(O)c1ccnc2ccc(OC)cc12,C20H26N2O2,[2.209],326.1994281,0,325.1921516,361.1688293,307.1815869
Rubitecan,91421-42-0,Alkaloids-neg-mix26,CC[C@@]1(O)C(=O)OCc2c1cc1n(c2=O)Cc2cc3c([N+](=O)[O-])cccc3nc2-1,C20H15N3O6,[3.314],393.0960852,0,392.0888088,428.0654865,374.0782441
Myosmine,532-12-7,Alkaloids-neg-mix26,c1cncc(C2=NCCC2)c1,C9H10N2,"[0.351, 0.501]",146.0843983,0,145.0771219,181.0537996,127.0665572
(±) Anabasine,13078-04-1,Alkaloids-neg-mix26,c1cncc(C2CCCCN2)c1,C10H14N2,"[0.371, 0.529]",162.1156984,0,161.108422,197.0850997,143.0978573
Tryptanthrin,13220-57-0,Alkaloids-neg-mix26,O=C1c2ccccc2-n2c1nc1ccccc1c2=O,C15H8N2O2,[3.768],248.0585775,0,247.0513011,283.0279788,229.0407364
Guvacine hydrochloride,6027-91-4,Alkaloids-neg-mix26,O=C(O)C1=CCCNC1,C6H9NO2,[0.296],127.0633285,0,126.0560521,162.0327298,108.0454874
(+)-Sparteine,492-08-0,Alkaloids-neg-mix27,C1CCN2C[C@H]3C[C@H](CN4CCCC[C@H]34)[C@@H]2C1,C15H26N2,"[0.604, 0.934]",234.2095988,0,233.2023224,269.1790001,215.1917577
Fingolimod,162359-55-9,Alkaloids-neg-mix27,CCCCCCCCc1ccc(CCC(N)(CO)CO)cc1,C19H33NO2,[4.486],307.2511293,0,306.2438529,342.2205306,288.2332882
Quinidine,56-54-2,Alkaloids-neg-mix27,C=C[C@H]1CN2CC[C@H]1C[C@@H]2[C@@H](O)c1ccnc2ccc(OC)cc12,C20H24N2O2,[2.017],324.183778,0,323.1765016,359.1531793,305.1659369
Benzoylaconine,466-24-0,Alkaloids-neg-mix27,CCN1C[C@@]2(COC)[C@H]3[C@@H](OC)[C@H]4C1[C@]3([C@@H](OC)C[C@H]2O)[C@@H]1C[C@]2(O)[C@@H](OC)[C@H](O)[C@@]4(O)[C@H]1[C@H]2OC(=O)c1ccccc1,C32H45NO10,[2.966],603.3043466,0,602.2970702,638.2737479,584.2865055
Allomatrine,641-39-4,Alkaloids-neg-mix27,O=C1CCC[C@@H]2[C@H]3CCCN4CCC[C@@H](CN12)[C@H]34,C15H24N2O,[1.352],248.1888634,0,247.1815869,283.1582647,229.1710223
Rhodamine B,81-88-9,Alkaloids-neg-mix27,CCN(CC)c1ccc2c(-c3ccccc3C(=O)[O-])c3ccc(N(CC)CC)cc3[o+]c2c1,C28H30N2O3,,442.2256428,0,441.2183664,477.1950441,423.2078017
Benzoylhypaconine,63238-66-4,Alkaloids-neg-mix27,COC[C@@]12CCC(OC)C34C(C([C@H](OC)[C@@H]31)[C@@]1(O)[C@@H](O)[C@H](OC)[C@@]3(O)C[C@@H]4[C@@H]1[C@H]3OC(=O)c1ccccc1)N(C)C2,C31H43NO9,[3.064],573.293782,0,572.2865055,608.2631832,554.2759408
Oxysophoridine,54809-74-4,Alkaloids-neg-mix27,O=C1CCC[C@@H]2[C@H]3CCC[N+]4([O-])CCC[C@H](CN12)[C@@H]34,C15H24N2O2,[1.504],264.183778,0,263.1765016,299.1531793,245.1659369
(+)-Viroallosecurinine,1857-30-3,Alkaloids-neg-mix27,O=C1C=C2C=C[C@H]3C[C@]2(O1)[C@H]1CCCCN31,C13H15NO2,"[0.604, 0.934]",217.1102787,0,216.1030023,252.07968,198.0924376
Dihydroberberine,483-15-8,Alkaloids-neg-mix27,COc1ccc2c(c1OC)CN1CCc3cc4c(cc3C1=C2)OCO4,C20H19NO4,"[2.188, 2.578, 2.684, 2.941]",337.1314081,0,336.1241316,372.1008094,318.113567
Tetrahydroepiberberine,38853-67-7,Alkaloids-neg-mix28,COc1cc2c(cc1OC)C1Cc3ccc4c(c3CN1CC2)OCO4,C20H21NO4,,339.1470582,0,338.1397817,374.1164594,320.129217
Lotusine,6871-67-6,Alkaloids-neg-mix28,COc1cc2c(cc1O)CC[N+](C)(C)[C@@H]2Cc1ccc(O)cc1,C19H24NO3+,[1.741],314.17507,0,0,0,0
Vicine,152-93-2,Alkaloids-neg-mix28,Nc1nc(=O)c(O[C@@H]2O[C@H](CO)[C@@H](O)[C@H](O)[C@H]2O)c(N)[nH]1,C10H16N4O7,[0.345],304.1018989,0,303.0946224,339.0713001,285.0840577
DL-Laudanosine,1699-51-0,Alkaloids-neg-mix28,COc1ccc(CC2c3cc(OC)c(OC)cc3CCN2C)cc1OC,C21H27NO4,[2.552],357.1940083,0,356.1867319,392.1634096,338.1761672
yibeinoside A,98985-24-1,Alkaloids-neg-mix28,C[C@H]1CC[C@H]2[C@H](C)[C@@H]3CC[C@H]4[C@@H]5CC(=O)[C@H]6C[C@@H](O[C@@H]7O[C@H](CO)[C@@H](O)[C@H](O)[C@H]7O)CC[C@]6(C)[C@H]5C[C@H]4[C@@H]3CN2C1,C33H53NO7,[2.756],575.382203,0,574.3749266,610.3516043,556.3643619
(-)-Securinine,5610-40-2,Alkaloids-neg-mix28,O=C1C=C2C=C[C@@H]3C[C@@]2(O1)[C@H]1CCCCN31,C13H15NO2,[0.605],217.1102787,0,216.1030023,252.07968,198.0924376
9-amino-CPT,91421-43-1,Alkaloids-neg-mix28,CC[C@@]1(O)C(=O)OCc2c1cc1n(c2=O)Cc2cc3c(N)cccc3nc2-1,C20H17N3O4,[2.682],363.121906,0,362.1146296,398.0913073,344.1040649
Evolitrine,523-66-0,Alkaloids-neg-mix28,COc1ccc2c(OC)c3ccoc3nc2c1,C13H11NO3,[3.805],229.0738932,0,228.0666168,264.0432945,210.0560521
N-Methylbenzylamine,103-67-3,Alkaloids-neg-mix28,CNCc1ccccc1,C8H11N,,121.0891494,0,120.0818729,156.0585506,102.0713082
Dobutamine hydrochloride,49745-95-1,Alkaloids-neg-mix28,CC(CCc1ccc(O)cc1)NCCc1ccc(O)c(O)c1,C18H23NO3,[2.101],301.1677936,0,300.1605172,336.1371949,282.1499525
Galanthamine,357-70-0,Alkaloids-neg-mix29,COc1ccc2c3c1O[C@H]1C[C@@H](O)C=C[C@@]31CCN(C)C2,C17H21NO3,[2.289],287.1521435,0,286.1448671,322.1215448,268.1343024
Deserpidine,131-01-1,Alkaloids-neg-mix29,COC(=O)[C@H]1[C@H]2C[C@@H]3c4[nH]c5ccccc5c4CCN3C[C@H]2C[C@@H](OC(=O)c2cc(OC)c(OC)c(OC)c2)[C@@H]1OC,C32H38N2O8,[3.729],578.2628162,0,577.2555397,613.2322175,559.2449751
Senecionine,130-01-8,Alkaloids-neg-mix29,C/C=C1/C[C@@H](C)[C@@](C)(O)C(=O)OCC2=CCN3CC[C@@H](OC1=O)[C@@H]23,C18H25NO5,[2.261],335.1732729,0,334.1659965,370.1426742,316.1554318
Chloroquine,54-05-7,Alkaloids-neg-mix29,CCN(CC)CCCC(C)Nc1ccnc2cc(Cl)ccc12,C18H26ClN3,[1.793],319.1815255,0,318.1742491,354.1509268,300.1636844
Harringtonine,26833-85-2,Alkaloids-neg-mix29,COC(=O)C[C@](O)(CCC(C)(C)O)C(=O)O[C@@H]1C(OC)=C[C@]23CCCN2CCc2cc4c(cc2[C@H]13)OCO4,C28H37NO9,[2.289],531.2468318,0,530.2395553,566.216233,512.2289906
Benzoylmesaconine,63238-67-5,Alkaloids-neg-mix29,COC[C@]12CN(C)C3[C@@H]4[C@H](OC)[C@H]1[C@@]3([C@@H](OC)C[C@H]2O)[C@@H]1C[C@]2(O)[C@@H](OC)[C@H](O)[C@@]4(O)[C@H]1[C@H]2OC(=O)c1ccccc1,C31H43NO10,[2.82],589.2886966,0,588.2814201,624.2580978,570.2708554
Edpetiline,32685-93-1,Alkaloids-neg-mix29,C[C@H]1CC[C@@H]2N(C1)C[C@@H]1[C@H](CC[C@H]3[C@@H]4CC(=O)[C@H]5C[C@@H](O[C@@H]6O[C@H](CO)[C@@H](O)[C@H](O)[C@H]6O)CC[C@]5(C)[C@H]4C[C@H]31)[C@]2(C)O,C33H53NO8,[2.311],591.3771177,0,590.3698412,626.3465189,572.3592765
Vasicine hydrochloride,7174-27-8,Alkaloids-neg-mix29,O[C@H]1CCN2Cc3ccccc3N=C12,C11H12N2O,[1.392],188.094963,0,187.0876866,223.0643643,169.0771219
Hydroxy-α-sanshool,83883-10-7,Alkaloids-neg-mix29,C/C=C/C=C/C=C\CC/C=C/C(=O)NCC(C)(C)O,C16H25NO2,,263.188529,0,262.1812526,298.1579303,244.1706879
Tropinone,532-24-1,Alkaloids-neg-mix29,CN1C2CCC1CC(=O)C2,C8H13NO,[0.317],139.099714,0,138.0924376,174.0691153,120.0818729
"1,3,7-Trimethyluric acid",5415-44-1,Alkaloids-neg-mix30,Cn1c(=O)c2c(nc(O)n2C)n(C)c1=O,C8H10N4O3,[3.278],210.0752902,0,209.0680137,245.0446915,191.0574491
Protostemotinine,169534-85-4,Alkaloids-neg-mix30,COC1=C(C)C(=O)O[C@]12C(=O)C(C)=C1CCCCN3[C@H]([C@@H]4C[C@H](C)C(=O)O4)CC[C@@]132,C23H29NO6,[4.2],415.1994876,0,414.1922112,450.1688889,396.1816465
6-Methoxydihydrosanguinarine,72401-54-8,Alkaloids-neg-mix30,COC1c2c(ccc3c2OCO3)-c2ccc3cc4c(cc3c2N1C)OCO4,C21H17NO5,[3.23],363.1106726,0,362.1033962,398.0800739,344.0928315
Dehydrocorydaline chloride,10605-03-5,Alkaloids-neg-mix30,COc1cc2c(cc1OC)-c1c(C)c3ccc(OC)c(OC)c3c[n+]1CC2,C22H24NO4+,[3.084],366.1699847,0,0,0,0
Geissoschizine methyl ether,60314-89-8,Alkaloids-neg-mix30,C/C=C1/CN2CCc3c([nH]c4ccccc34)[C@@H]2C[C@@H]1/C(=C/OC)C(=O)OC,C22H26N2O3,[3.278],366.1943427,0,365.1870663,401.163744,347.1765016
Dehydronuciferine,7630-74-2,Alkaloids-neg-mix30,COc1cc2c3c(cc4ccccc4c3c1OC)N(C)CC2,C19H19NO2,[5.481],293.1415788,0,292.1343024,328.1109801,274.1237377
Ethoxysanguinarine,28342-31-6,Alkaloids-neg-mix30,CCOC1c2c(ccc3c2OCO3)-c2ccc3cc4c(cc3c2N1C)OCO4,C22H19NO5,"[2.598, 2.915, 3.265, 3.985]",377.1263227,0,376.1190463,412.095724,358.1084816
N-(p-Coumaroyl) serotonin,68573-24-0,Alkaloids-neg-mix30,O=C(/C=C/c1ccc(O)cc1)NCCc1c[nH]c2ccc(O)cc12,C19H18N2O3,[2.724],322.1317424,0,321.124466,357.1011437,303.1139013
Syrosingopine,84-36-6,Alkaloids-neg-mix30,CCOC(=O)Oc1c(OC)cc(C(=O)O[C@@H]2C[C@@H]3CN4CCc5c([nH]c6cc(OC)ccc56)[C@H]4C[C@@H]3[C@H](C(=O)OC)[C@H]2OC)cc1OC,C35H42N2O11,[4.036],666.2788602,0,665.2715837,701.2482614,647.261019
Conessine,546-06-5,Alkaloids-neg-mix30,C[C@@H]1[C@@H]2CC[C@@H]3[C@@H]4CC=C5C[C@H](N(C)C)CC[C@@]5(C)[C@@H]4CC[C@@]32CN1C,C24H40N2,[2.088],356.3191493,0,355.3118728,391.2885506,337.3013082
Harmalol,525-57-5,Alkaloids-neg-mix31,CC1=NCCc2c1[nH]c1cc(O)ccc21,C12H12N2O,[2.377],200.094963,0,199.0876866,235.0643643,181.0771219
Harmaline hydrochloride,363-11-1,Alkaloids-neg-mix31,COc1ccc2c3c([nH]c2c1)C(C)=NCC3,C13H14N2O,[2.377],214.1106131,0,213.1033366,249.0800143,195.0927719
N-Nornuciferine hydrochloride(4846-19-9 free base),TQ0296L,Alkaloids-neg-mix31,COc1cc2c3c(c1OC)-c1ccccc1C[C@H]3NCC2,C18H19NO2,[2.862],281.1415788,0,280.1343024,316.1109801,262.1237377
NITIDINE,6872-57-7,Alkaloids-neg-mix31,COc1cc2c[n+](C)c3c4cc5c(cc4ccc3c2cc1OC)OCO5,C21H18NO4+,[3.015],348.1230345,0,0,0,0
Lycoramine,21133-52-8,Alkaloids-neg-mix31,COc1ccc2c3c1O[C@H]1C[C@@H](O)CC[C@@]31CCN(C)C2,C17H23NO3,[1.482],289.1677936,0,288.1605172,324.1371949,270.1499525
Obtucarbamate A,6935-99-5,Alkaloids-neg-mix31,COC(=O)Nc1ccc(C)c(NC(=O)OC)c1,C11H14N2O4,[2.869],238.0953569,0,237.0880805,273.0647582,219.0775158
Graveoline,485-61-0,Alkaloids-neg-mix31,Cn1c(-c2ccc3c(c2)OCO3)cc(=O)c2ccccc21,C17H13NO3,[3.234],279.0895433,0,278.0822668,314.0589445,260.0717021
D-tetrahydropalmatine,3520-14-7,Alkaloids-neg-mix31,COc1cc2c(cc1OC)[C@H]1Cc3ccc(OC)c(OC)c3CN1CC2,C21H25NO4,[2.717],355.1783583,0,354.1710818,390.1477596,336.1605172
Laurolitsine,5890-18-6,Alkaloids-neg-mix31,COc1cc2c(cc1O)C[C@@H]1NCCc3cc(O)c(OC)c-2c31,C18H19NO4,[1.961],313.1314081,0,312.1241316,348.1008094,294.113567
13-Methylberberine chloride,54260-72-9,Alkaloids-neg-mix31,COc1ccc2c(C)c3[n+](cc2c1OC)CCc1cc2c(cc1-3)OCO2,C21H20NO4+,[3.108],350.1386845,0,0,0,0
Strictosamide,23141-25-5,Alkaloids-neg-mix32,C=C[C@H]1[C@H](O[C@@H]2O[C@H](CO)[C@@H](O)[C@H](O)[C@H]2O)OC=C2C(=O)N3CCc4c([nH]c5ccccc45)[C@@H]3C[C@H]21,C26H30N2O8,[2.213],498.2002159,0,497.1929395,533.1696172,479.1823748
8-Oxocoptisine,19716-61-1,Alkaloids-neg-mix32,O=c1c2c3c(ccc2cc2n1CCc1cc4c(cc1-2)OCO4)OCO3,C19H13NO5,[4.114],335.0793725,0,334.0720961,370.0487738,316.0615314
Methyl anthranilate,134-20-3,Alkaloids-neg-mix32,COC(=O)c1ccccc1N,C8H9NO2,[3.248],151.0633285,0,150.0560521,186.0327298,132.0454874
Lupinine,486-70-4,Alkaloids-neg-mix32,OC[C@@H]1CCCN2CCCC[C@H]12,C10H19NO,[0.572],169.1466642,0,168.1393878,204.1160655,150.1288231
Cephaeline,483-17-0,Alkaloids-neg-mix32,CC[C@H]1CN2CCc3cc(OC)c(OC)cc3[C@@H]2C[C@@H]1C[C@H]1NCCc2cc(O)c(OC)cc21,C28H38N2O4,[1.834],466.2831577,0,465.2758813,501.252559,447.2653166
Catharanthine Tartrate(2468-21-5(free base)),T2782L,Alkaloids-neg-mix32,CCC1=C[C@@H]2CN3CCc4c([nH]c5ccccc45)[C@@](C(=O)OC)(C2)[C@@H]13,C21H24N2O2,[2.931],336.183778,0,335.1765016,371.1531793,317.1659369
Hydrastine,118-08-1,Alkaloids-neg-mix32,COc1ccc2c(c1OC)C(=O)O[C@@H]2[C@H]1c2cc3c(cc2CCN1C)OCO3,C21H21NO6,[2.456],383.1368874,0,382.1296109,418.1062887,364.1190463
yibeissine,143502-51-6,Alkaloids-neg-mix32,CC1=C2[C@@H](CC[C@]13O[C@@H]1C[C@H](C)CN[C@H]1[C@H]3C)[C@@H]1CC(=O)[C@H]3C[C@@H](O)CC[C@]3(C)[C@H]1[C@H]2O,C27H41NO4,[2.29],443.3035588,0,442.2962824,478.2729601,424.2857177
Indaconitine,4491-19-4,Alkaloids-neg-mix32,CCN1C[C@@]2(COC)[C@H]3[C@@H](OC)[C@H]4C1[C@]3([C@@H](OC)C[C@H]2O)[C@@H]1C[C@]2(O)[C@@H](OC)C[C@@]4(OC(C)=O)[C@H]1[C@H]2OC(=O)c1ccccc1,C34H47NO10,[3.563],629.3199967,0,628.3127203,664.289398,610.3021556
Vindesine sulfate,59917-39-4,Alkaloids-neg-mix32,CC[C@]1(O)C[C@H]2CN(CCc3c([nH]c4ccccc34)[C@@](C(=O)OC)(c3cc4c(cc3OC)N(C)[C@H]3[C@@](O)(C(N)=O)[C@H](O)[C@]5(CC)C=CCN6CC[C@]43[C@@H]65)C2)C1,C43H55N5O7,[2.595],753.4101491,0,752.4028727,788.3795504,734.392308
Vomicine,125-15-5,Alkaloids-neg-mix33,CN1CC[C@]23C(=O)C[C@H]4C(=CCO[C@H]5CC(=O)N(c6c(O)cccc62)[C@H]3[C@H]54)C1,C22H24N2O4,[3.788],380.1736072,0,379.1663308,415.1430085,361.1557661
Coniine hydrochloride,15991-59-0,Alkaloids-neg-mix33,CCCC1CCCCN1,C8H17N,[1.6],127.1360995,0,126.1288231,162.1055008,108.1182584
Nigakinone,18110-86-6,Alkaloids-neg-mix33,COc1c(O)c(=O)n2c3ccccc3c3ccnc1c32,C15H10N2O3,[3.08],266.0691422,0,265.0618657,301.0385435,247.0513011
N-Benzyllinoleamide,18286-71-0,Alkaloids-neg-mix33,CCCCC/C=C\C/C=C\CCCCCCCC(=O)NCc1ccccc1,C25H39NO,"[5.766, 6.949]",369.3031649,0,368.2958884,404.2725661,350.2853237
Robustine,2255-50-7,Alkaloids-neg-mix33,COc1c2ccoc2nc2c(O)cccc12,C12H9NO3,[3.744],215.0582431,0,214.0509667,250.0276444,196.040402
Hirsuteine,35467-43-7,Alkaloids-neg-mix33,C=C[C@H]1CN2CCc3c([nH]c4ccccc34)[C@H]2C[C@@H]1/C(=C\OC)C(=O)OC,C22H26N2O3,[3.37],366.1943427,0,365.1870663,401.163744,347.1765016
Karacoline,39089-30-0,Alkaloids-neg-mix33,CCN1C[C@]2(C)CC[C@H](O)C34C1C(C[C@@H]32)[C@@]1(O)C[C@H](OC)[C@H]2C[C@@H]4[C@@H]1[C@H]2O,C22H35NO4,[1.746],377.2566086,0,376.2493322,412.2260099,358.2387675
Mitraphylline,509-80-8,Alkaloids-neg-mix33,COC(=O)C1=CO[C@@H](C)[C@H]2CN3CC[C@]4(C(=O)Nc5ccccc54)[C@@H]3C[C@H]12,C21H24N2O4,[2.585],368.1736072,0,367.1663308,403.1430085,349.1557661
Imperialine 3-β-D-glucoside,67968-40-5,Alkaloids-neg-mix33,C[C@H]1CC[C@@H]2N(C1)C[C@H]1[C@@H]3C[C@H]4[C@@H](CC(=O)[C@H]5C[C@@H](O[C@@H]6O[C@H](CO)[C@@H](O)[C@H](O)[C@H]6O)CC[C@@]54C)[C@@H]3CC[C@H]1[C@]2(C)O,C33H53NO8,[2.305],591.3771177,0,590.3698412,626.3465189,572.3592765
Hirsutine,7729-23-9,Alkaloids-neg-mix33,CC[C@H]1CN2CCc3c([nH]c4ccccc34)[C@H]2C[C@@H]1/C(=C\OC)C(=O)OC,C22H28N2O3,[3.479],368.2099928,0,367.2027163,403.179394,349.1921516
Tomatidine,77-59-8,Alkaloids-neg-mix34,C[C@H]1CC[C@]2(NC1)O[C@H]1C[C@H]3[C@@H]4CC[C@H]5C[C@@H](O)CC[C@]5(C)[C@H]4CC[C@]3(C)[C@H]1[C@@H]2C,C27H45NO2,[4.111],415.3450297,0,414.3377532,450.314431,396.3271886
N-​Benzyllinolenamide,883715-18-2,Alkaloids-neg-mix34,CC/C=C\C/C=C\C/C=C\CCCCCCCC(=O)NCc1ccccc1,C25H37NO,[6.64],367.2875148,0,366.2802384,402.2569161,348.2696737
chaetoglobosin Vb,1399690-75-5,Alkaloids-neg-mix34,CC1=C(C)[C@H]2[C@H](Cc3c[nH]c4ccccc34)NC(=O)[C@]23C(=O)C[C@H]2C(=O)C(O)=C(C)[C@@H]2[C@@H](C)CC=C[C@H]3[C@@H]1O,C32H36N2O5,[3.9],528.2624223,0,527.2551458,563.2318235,509.2445811
Nordihydrocapsaicin,28789-35-7,Alkaloids-neg-mix34,COc1cc(CNC(=O)CCCCCC(C)C)ccc1O,C17H27NO3,[4.449],293.1990937,0,292.1918173,328.168495,274.1812526
(-)-Isocorypalmine,483-34-1,Alkaloids-neg-mix34,COc1cc2c(cc1O)[C@@H]1Cc3ccc(OC)c(OC)c3CN1CC2,C20H23NO4,[2.433],341.1627082,0,340.1554318,376.1321095,322.1448671
Maytansine,35846-53-8,Alkaloids-neg-mix34,COc1cc2cc(c1Cl)N(C)C(=O)CC(OC(=O)C(C)N(C)C(C)=O)C1(C)OC1C(C)C1CC(O)(NC(=O)O1)C(OC)C=CC=C(C)C2,C34H46ClN3O10,[4.111],691.2871724,0,690.2798959,726.2565736,672.2693312
"(R,S)-Anatabine",2743-90-0,Alkaloids-neg-mix34,C1=CCC(c2cccnc2)NC1,C10H12N2,"[0.348, 0.498]",160.1000484,0,159.0927719,195.0694497,141.0822073
Glaucine,475-81-0,Alkaloids-neg-mix34,COc1cc2c(cc1OC)-c1c(OC)c(OC)cc3c1[C@H](C2)N(C)CC3,C21H25NO4,[2.722],355.1783583,0,354.1710818,390.1477596,336.1605172
Groenlandicine,38691-95-1,Alkaloids-neg-mix34,COc1cc2c(cc1O)CC[n+]1cc3c4c(ccc3cc1-2)OCO4,C19H16NO4+,[2.423],322.1073844,0,0,0,0
Rocaglamide,84573-16-0,Alkaloids-neg-mix34,COc1ccc([C@@]23Oc4cc(OC)cc(OC)c4[C@@]2(O)[C@H](O)[C@H](C(=O)N(C)C)[C@H]3c2ccccc2)cc1,C29H31NO7,[4.15],505.2100523,0,504.2027759,540.1794536,486.1922112
Caulilexin C,30536-48-2,Alkaloids-neg-mix35,COn1cc(CC#N)c2ccccc21,C11H10N2O,[0.27],186.0793129,0,185.0720365,221.0487142,167.0614718
Dronedarone,141626-36-0,Alkaloids-neg-mix35,CCCCc1oc2ccc(NS(C)(=O)=O)cc2c1C(=O)c1ccc(OCCCN(CCCC)CCCC)cc1,C31H44N2O5S,[4.544],556.2970935,0,555.2898172,591.266495,537.2792526
Lappaconine,23943-93-3,Alkaloids-neg-mix35,CCN1C[C@@]2(O)CC[C@@H](OC)[C@]34[C@H]5C[C@H]6[C@H](OC)[C@H]5[C@@](O)(C[C@H]6OC)[C@@H]([C@H](O)[C@H]23)[C@@H]14,C23H37NO6,[1.978],423.2620879,0,422.2548115,458.2314892,404.2442468
N-Methylflindersine,50333-13-6,Alkaloids-neg-mix35,Cn1c(=O)c2c(c3ccccc31)OC(C)(C)C=C2,C15H15NO2,[4.411],241.1102787,0,240.1030023,276.07968,222.0924376
Castanospermine,79831-76-8,Alkaloids-neg-mix35,O[C@H]1CN2CC[C@H](O)[C@@H]2[C@@H](O)[C@@H]1O,C8H15NO4,[0.27],189.100108,0,188.0928315,224.0695092,170.0822668
Lansoprazole sodium,226904-00-3,Alkaloids-neg-mix35,Cc1c(OCC(F)(F)F)ccnc1CS(=O)c1nc2ccccc2[nH]1,C16H14F3N3O2S,[3.074],369.0758823,0,368.0686059,404.0452836,350.0580412
hydrocotarnine,550-10-7,Alkaloids-neg-mix35,COc1c2c(cc3c1OCO3)CCN(C)C2,C12H15NO3,[1.9],221.1051933,0,220.0979169,256.0745946,202.0873522
Dimebolin,3613-73-8,Alkaloids-neg-mix35,Cc1ccc2c(c1)c1c(n2CCc2ccc(C)nc2)CCN(C)C1,C21H25N3,[2.006],319.2048478,0,318.1975714,354.1742491,300.1870067
1-piperoylpiperidine,7780-20-3,Alkaloids-neg-mix35,O=C(C=CC=Cc1ccc2c(c1)OCO2)N1CCCCC1,C17H19NO3,"[4.357, 4.454]",285.1364935,0,284.129217,320.1058947,266.1186523
N-Noratherosperminine hydrochloride,TN6787L,Alkaloids-neg-mix35,CNCCc1cc(OC)c(OC)c2c1ccc1ccccc12,C19H21NO2,[3.344],295.1572289,0,294.1499525,330.1266302,276.1393878
Corysamine chloride,11028-77-6,Alkaloids-neg-mix36,Cc1c2[n+](cc3c4c(ccc13)OCO4)CCc1cc3c(cc1-2)OCO3,C20H16NO4+,[2.65],334.1073844,0,0,0,0
O-Desmethyl Galanthamine,60755-80-8,Alkaloids-neg-mix36,CN1CC[C@@]23C=C[C@H](O)C[C@@H]2Oc2c(O)ccc(c23)C1,C16H19NO3,[0.614],273.1364935,0,272.129217,308.1058947,254.1186523
N-Benzyloctadecanamide,5327-45-7,Alkaloids-neg-mix36,CCCCCCCCCCCCCCCCCC(=O)NCc1ccccc1,C25H43NO,"[4.991, 7.603]",373.334465,0,372.3271886,408.3038663,354.3166239
(S)-N-Glycidylphthalimide,161596-47-0,Alkaloids-neg-mix36,O=C1c2ccccc2C(=O)N1C[C@H]1CO1,C11H9NO3,"[0.349, 0.494, 1.331, 2.736]",203.0582431,0,202.0509667,238.0276444,184.040402
N-Caffeoyl O-methyltyramine,189307-47-9,Alkaloids-neg-mix36,COc1ccc(CCNC(=O)/C=C/c2ccc(O)c(O)c2)cc1,C18H19NO4,[3.295],313.1314081,0,312.1241316,348.1008094,294.113567
HHQ,40522-46-1,Alkaloids-neg-mix36,CCCCCCCc1cc(=O)c2ccccc2[nH]1,C16H21NO,[3.904],243.1623143,0,242.1550378,278.1317156,224.1444732
Lirinidine,54383-28-7,Alkaloids-neg-mix36,COc1cc2c3c(c1O)-c1ccccc1C[C@@H]3N(C)CC2,C18H19NO2,[2.562],281.1415788,0,280.1343024,316.1109801,262.1237377
DL-Tyrosine,556-03-6,Alkaloids-neg-mix36,NC(Cc1ccc(O)cc1)C(=O)O,C9H11NO3,"[0.348, 0.497]",181.0738932,0,180.0666168,216.0432945,162.0560521
Viquidil hydrochloride,52211-63-9,Alkaloids-neg-mix36,C=C[C@H]1CNCC[C@H]1CCC(=O)c1ccnc2ccc(OC)cc12,C20H24N2O2,[2.65],324.183778,0,323.1765016,359.1531793,305.1659369
Evocarpine,15266-38-3,Alkaloids-neg-mix37,CCCCC=CCCCCCCCc1cc(=O)c2ccccc2n1C,C23H33NO,"[0.351, 0.495]",339.2562147,0,338.2489382,374.2256159,320.2383736
Laetanine,72361-67-2,Alkaloids-neg-mix48,COc1cc2c(cc1O)-c1c(OC)c(O)cc3c1C(C2)NCC3,C18H19NO4,[1.966],313.1314081,0,312.1241316,348.1008094,294.113567
N-trans-Sinapoyltyramine,200125-11-7,Alkaloids-neg-mix37,COc1cc(/C=C/C(=O)NCCc2ccc(O)cc2)cc(OC)c1O,C19H21NO5,[2.922],343.1419728,0,342.1346963,378.111374,324.1241316
Clausine E,182261-83-2,Alkaloids-neg-mix37,COC(=O)c1cc(O)c2[nH]c3ccccc3c2c1,C14H11NO3,[3.982],241.0738932,0,240.0666168,276.0432945,222.0560521
O-Acetylgalanthamine,25650-83-3,Alkaloids-neg-mix37,COc1ccc2c3c1O[C@H]1C[C@@H](OC(C)=O)C=C[C@@]31CCN(C)C2,C19H23NO4,[2.206],329.1627082,0,328.1554318,364.1321095,310.1448671
Colcemid,477-30-5,Alkaloids-neg-mix37,CN[C@H]1CCc2cc(OC)c(OC)c(OC)c2-c2ccc(OC)c(=O)cc21,C21H25NO5,[2.478],371.1732729,0,370.1659965,406.1426742,352.1554318
N-phenethylbenzamide,3278-14-6,Alkaloids-neg-mix37,O=C(NCCc1ccccc1)c1ccccc1,C15H15NO,[3.842],225.1153641,0,224.1080877,260.0847654,206.097523
DL-Norvaline,760-78-1,Alkaloids-neg-mix37,CCC[C@H](N)C(=O)O,C5H11NO2,"[0.288, 0.349]",117.0789786,0,116.0717021,152.0483799,98.06113746
N-​Feruloyloctopamine,66648-44-0,Alkaloids-neg-mix37,COc1cc(/C=C/C(=O)NCC(O)c2ccc(O)cc2)ccc1O,C18H19NO5,[2.438],329.1263227,0,328.1190463,364.095724,310.1084816
N-Formylcytisine,53007-06-0,Alkaloids-neg-mix37,O=CN1C[C@@H]2C[C@H](C1)c1cccc(=O)n1C2,C12H14N2O2,[1.562],218.1055277,0,217.0982512,253.074929,199.0876866
Viridicatol,14484-44-7,Alkaloids-neg-mix38,O=c1[nH]c2ccccc2c(-c2cccc(O)c2)c1O,C15H11NO3,[2.988],253.0738932,0,252.0666168,288.0432945,234.0560521
Coryneine,7224-66-0,Alkaloids-neg-mix38,C[N+](C)(C)CCc1ccc(O)c(O)c1,C11H18NO2+,[2.663],196.1332052,0,0,0,0
4-Hydroxybenzylamine,696-60-6,Alkaloids-neg-mix38,NCc1ccc(O)cc1,C7H9NO,,123.0684139,0,122.0611375,158.0378152,104.0505728
Aristolochic acid C,4849-90-5,Alkaloids-neg-mix38,O=C(O)c1cc2c(c3c1c([N+](=O)[O-])cc1ccc(O)cc13)OCO2,C16H9NO7,[3.275],327.0379016,0,326.0306252,362.0073029,308.0200605
DL-Tryptophan,54-12-6,Alkaloids-neg-mix38,N[C@@H](Cc1c[nH]c2ccccc12)C(=O)O,C11H12N2O2,[1.527],204.0898776,0,203.0826012,239.0592789,185.0720365
Methyl L-pyroglutamate,4931-66-2,Alkaloids-neg-mix38,COC(=O)[C@@H]1CCC(=O)N1,C6H9NO3,[1.175],143.0582431,0,142.0509667,178.0276444,124.040402
Sodium Camptothecin,25387-67-1,Alkaloids-neg-mix38,CC[C@@](O)(C(=O)O)c1cc2n(c(=O)c1CO)Cc1cc3ccccc3nc1-2,C20H18N2O5,[5.749],366.1215717,0,365.1142952,401.0909729,347.1037306
Atherosperminine,5531-98-6,Alkaloids-neg-mix38,COc1cc(CCN(C)C)c2ccc3ccccc3c2c1OC,C20H23NO2,[3.402],309.172879,0,308.1656025,344.1422802,290.1550378
Leptomerine,22048-97-1,Alkaloids-neg-mix38,CCCc1cc(=O)c2ccccc2n1C,C13H15NO,[2.663],201.1153641,0,200.1080877,236.0847654,182.097523
10-Methoxycamptothecin,19685-10-0,Alkaloids-neg-mix38,CC[C@@]1(O)C(=O)OCc2c1cc1n(c2=O)Cc2cc3cc(OC)ccc3nc2-1,C21H18N2O5,[3.302],378.1215717,0,377.1142952,413.0909729,359.1037306
Pseudocoptisine chloride,30044-78-1,Alkaloids-neg-mix39,c1c2c(cc3c1OCO3)-c1cc3cc4c(cc3c[n+]1CC2)OCO4,C19H14NO4+,[1.885],320.0917343,0,0,0,0
Vincristine,57-22-7,Alkaloids-neg-mix39,CC[C@]1(O)C[C@@H]2C[N@](CCc3c([nH]c4ccccc34)[C@@](C(=O)OC)(c3cc4c(cc3OC)N(C=O)[C@H]3[C@@](O)(C(=O)OC)[C@H](OC(C)=O)[C@]5(CC)C=CCN6CC[C@]43[C@@H]65)C2)C1,C46H56N4O10,[1.571],824.399644,0,823.3923676,859.3690453,805.3818029
2-Hydroxybenzylamine,932-30-9,Alkaloids-neg-mix39,NCc1ccccc1O,C7H9NO,,123.0684139,0,122.0611375,158.0378152,104.0505728
Methacrylamide,79-39-0,Alkaloids-neg-mix39,C=C(C)C(N)=O,C4H7NO,[0.713],85.05276384,0,84.0454874,120.0221651,66.03492271
Mesaconine,9/2/92,Alkaloids-neg-mix39,COC[C@@]12CN(C)C3C4[C@H](OC)C1C3([C@@H](OC)C[C@H]2O)[C@@H]1C[C@]2(O)[C@@H](OC)[C@H](O)[C@@]4(O)[C@H]1[C@H]2O,C24H39NO9,[1.677],485.2624818,0,484.2552054,520.2318831,466.2446407
Octahydroisoindole,21850-12-4,Alkaloids-neg-mix39,C1CCC2CNCC2C1,C8H15N,[1.499],125.1204495,0,124.113173,160.0898507,106.1026084
D-Asparagine,2058-58-4,Alkaloids-neg-mix39,NC(=O)C[C@@H](N)C(=O)O,C4H8N2O3,[0.277],132.0534921,0,131.0462157,167.0228934,113.035651
Anisodamine Hydrobromide,55449-49-5,Alkaloids-neg-mix39,CN1[C@H]2C[C@H](OC(=O)[C@H](CO)c3ccccc3)C[C@@H]1[C@@H](O)C2,C17H23NO4,[1.885],305.1627082,0,304.1554318,340.1321095,286.1448671
Jineol,178762-28-2,Alkaloids-neg-mix39,Oc1cnc2c(O)cccc2c1,C9H7NO2,[1.521],161.0476785,0,160.040402,196.0170797,142.0298373
Cyclo(Tyr-Leu),82863-65-8,Alkaloids-neg-mix39,CC(C)CC1NC(=O)C(Cc2ccc(O)cc2)NC1=O,C15H20N2O3,[2.085],276.1473925,0,275.1401161,311.1167938,257.1295514
(±)-Huperzine A,120786-18-7,Alkaloids-neg-mix40,CC=C1C2C=C(C)CC1(N)c1ccc(=O)[nH]c1C2,C15H18N2O,[2.812],242.1419132,0,241.1346368,277.1113145,223.1240721
Ricinine,524-40-3,Alkaloids-neg-mix40,COc1ccn(C)c(=O)c1C#N,C8H8N2O2,[1.916],164.0585775,0,163.0513011,199.0279788,145.0407364
"1,2,3,4-Tetrahydronorharman-1-one",17952-82-8,Alkaloids-neg-mix40,O=C1NCCc2c1[nH]c1ccccc21,C11H10N2O,[3.057],186.0793129,0,185.0720365,221.0487142,167.0614718
"2,3-Dibromomaleinimide",1122-10-7,Alkaloids-neg-mix40,O=C1NC(=O)C(Br)=C1Br,C4HBr2NO2,,252.8374025,0,251.830127,287.8068047,233.8195623
"1,8-Diazabicyclo[5.4.0]undec-7-ene",6674-22-2,Alkaloids-neg-mix40,C1CCC2=NCCCN2CC1,C9H16N2,[1.286],152.1313485,0,151.1240721,187.1007498,133.1135074
Veratrosine,475-00-3,Alkaloids-neg-mix40,Cc1c([C@H](C)[C@@H]2NC[C@@H](C)C[C@H]2O)ccc2c1C[C@H]1[C@H]2CC=C2C[C@@H](O[C@@H]3O[C@H](CO)[C@@H](O)[C@H](O)[C@H]3O)CC[C@@]21C,C33H49NO7,[2.554],571.3509029,0,570.3436265,606.3203042,552.3330618
(-)-Corynoxidine,57906-85-1,Alkaloids-neg-mix40,COc1cc2c(cc1OC)[C@@H]1Cc3ccc(OC)c(OC)c3C[N@@+]1([O-])CC2,C21H25NO5,[2.812],371.1732729,0,370.1659965,406.1426742,352.1554318
Dihydropalmatine,26067-60-7,Alkaloids-neg-mix40,COc1cc2c(cc1OC)C1=Cc3ccc(OC)c(OC)c3CN1CC2,C21H23NO4,"[2.817, 2.942]",353.1627082,0,352.1554318,388.1321095,334.1448671
8-Deacetylyunaconitine,93460-55-0,Alkaloids-neg-mix40,CCN1C[C@@]2(COC)[C@H]3[C@@H](OC)C4C1C3([C@@H](OC)C[C@H]2O)[C@@H]1C[C@]2(O)[C@@H](OC)C[C@@]4(O)[C@H]1[C@@H]2OC(=O)c1ccc(OC)cc1,C33H47NO10,[3.145],617.3199967,0,616.3127203,652.289398,598.3021556
Vasicinone,486-64-6,Alkaloids-neg-mix40,O=c1c2ccccc2nc2n1CC[C@@H]2O,C11H10N2O2,[1.916],202.0742276,0,201.0669511,237.0436288,183.0563864
N-trans-caffeoyltyramine,103188-48-3,Alkaloids-neg-mix41,O=C(/C=C/c1ccc(O)c(O)c1)NCCc1ccc(O)cc1,C17H17NO4,"[1.774, 1.886]",299.115758,0,298.1084816,334.0851593,280.0979169
Apoatropine,500-55-0,Alkaloids-neg-mix41,C=C(C(=O)O[C@@H]1C[C@@H]2CC[C@H](C1)N2C)c1ccccc1,C17H21NO2,[1.349],271.1572289,0,270.1499525,306.1266302,252.1393878
3-Methylcarbazole,4630-20-0,Alkaloids-neg-mix41,Cc1ccc2[nH]c3ccccc3c2c1,C13H11N,[4.864],181.0891494,0,180.0818729,216.0585506,162.0713082
Thiolutin,87-11-6,Alkaloids-neg-mix41,CC(=O)Nc1c2sscc-2n(C)c1=O,C8H8N2O2S2,[2.307],228.0027195,0,226.9954434,262.9721211,208.9848787
Colchicoside,477-29-2,Alkaloids-neg-mix41,COc1c(O[C@@H]2O[C@H](CO)[C@@H](O)[C@H](O)[C@H]2O)cc2c(c1OC)-c1ccc(OC)c(=O)cc1[C@@H](NC(C)=O)CC2,C27H33NO11,[1.931],547.2053609,0,546.1980844,582.1747621,528.1875197
Tetrahydroharmine,17019-01-1,Alkaloids-neg-mix41,COc1ccc2c3c([nH]c2c1)C(C)NCC3,C13H16N2O,[2.167],216.1262631,0,215.1189867,251.0956644,197.108422
Anisodamine,55869-99-3,Alkaloids-neg-mix41,CN1[C@H]2C[C@H](OC(=O)[C@H](CO)c3ccccc3)C[C@@H]1[C@@H](O)C2,C17H23NO4,"[1.774, 1.886]",305.1627082,0,304.1554318,340.1321095,286.1448671
1-Methoxycarbonyl-β-carboline,3464-66-2,Alkaloids-neg-mix41,COC(=O)c1nccc2c1[nH]c1ccccc12,C13H10N2O2,[2.736],226.0742276,0,225.0669511,261.0436288,207.0563864
Lepidiline A,596093-98-0,Alkaloids-neg-mix41,Cc1c(C)[n+](Cc2ccccc2)cn1Cc1ccccc1,C19H21N2+,[5.601],277.1699251,0,0,0,0
Quinine sulfate dihydrate,6119-70-6,Alkaloids-neg-mix41,C=C[C@H]1CN2CC[C@H]1C[C@H]2[C@H](O)c1ccnc2ccc(OC)cc12,C20H24N2O2,[2.074],324.183778,0,323.1765016,359.1531793,305.1659369
PhIP,105650-23-5,Alkaloids-neg-mix42,Cn1c(N)nc2ncc(-c3ccccc3)cc21,C13H12N4,[1.871],224.1061964,0,223.09892,259.0755977,205.0883553
Spongosine,24723-77-1,Alkaloids-neg-mix42,COc1nc(N)c2ncn([C@@H]3O[C@H](CO)[C@@H](O)[C@H]3O)c2n1,C11H15N5O5,[2.847],297.1073186,0,296.1000422,332.0767199,278.0894775
Pegamine,31431-93-3,Alkaloids-neg-mix42,O=c1nc(CCCO)[nH]c2ccccc12,C11H12N2O2,[1.871],204.0898776,0,203.0826012,239.0592789,185.0720365
Virginiamycin M1,21411-53-0,Alkaloids-neg-mix42,CC1=C\[C@@H](O)CC(=O)Cc2nc(co2)C(=O)N2CCC=C2C(=O)O[C@H](C(C)C)[C@H](C)/C=C/C(=O)NC/C=C\1,C28H35N3O7,[3.864],525.2475005,0,524.240224,560.2169017,506.2296593
2-heptyl-3-hydroxy-4(1H)-Quinolone,108985-27-9,Alkaloids-neg-mix42,CCCCCCCc1[nH]c2ccccc2c(=O)c1O,C16H21NO2,[4.273],259.1572289,0,258.1499525,294.1266302,240.1393878
Harmalol hydrochloride,7/5/28,Alkaloids-neg-mix42,CC1=NCCc2c1[nH]c1cc(O)ccc21,C12H12N2O,[1.798],200.094963,0,199.0876866,235.0643643,181.0771219
Irinotecan hydrochloride trihydrate,136572-09-3,Alkaloids-neg-mix42,CCc1c2c(nc3ccc(OC(=O)N4CCC(N5CCCCC5)CC4)cc13)-c1cc3c(c(=O)n1C2)COC(=O)[C@]3(O)CC,C33H38N4O6,[2.795],586.2791349,0,585.2718585,621.2485362,567.2612938
Chelerythrine chloride,3895-92-9,Alkaloids-neg-mix42,COc1ccc2c(c[n+](C)c3c4cc5c(cc4ccc23)OCO5)c1OC,C21H18NO4+,[3.12],348.1230345,0,0,0,0
Topotecan,123948-87-8,Alkaloids-neg-mix42,CC[C@@]1(O)C(=O)OCc2c1cc1n(c2=O)Cc2cc3c(CN(C)C)c(O)ccc3nc2-1,C23H23N3O5,[2.107],421.1637708,0,420.1564944,456.1331721,402.1459297
Harmol,487-03-6,Alkaloids-neg-mix42,Cc1nccc2c1[nH]c1cc(O)ccc12,C12H10N2O,[1.858],198.0793129,0,197.0720365,233.0487142,179.0614718
Corynoline,18797-79-0,Alkaloids-neg-mix43,CN1Cc2c(ccc3c2OCO3)[C@@]2(C)[C@@H](O)Cc3cc4c(cc3[C@@H]12)OCO4,C21H21NO5,[3.591],367.1419728,0,366.1346963,402.111374,348.1241316
Aloperine,56293-29-9,Alkaloids-neg-mix43,C1=C2CCCN[C@H]2[C@H]2C[C@H]1[C@H]1CCCCN1C2,C15H24N2,[3.591],232.1939488,0,231.1866723,267.16335,213.1761076
Jatrorrhizine,3621-38-3,Alkaloids-neg-mix43,COc1cc2c(cc1O)CC[n+]1cc3c(OC)c(OC)ccc3cc1-2,C20H20NO4+,[2.703],338.1386845,0,0,0,0
Sipeimine,61825-98-7,Alkaloids-neg-mix43,C[C@H]1CC[C@@H]2N(C1)C[C@H]1[C@@H]3C[C@H]4[C@@H](CC(=O)[C@H]5C[C@@H](O)CC[C@@]54C)[C@@H]3CC[C@H]1[C@]2(C)O,C27H43NO3,[2.509],429.3242942,0,428.3170178,464.2936955,410.3064531
Dehydroevodiamine,67909-49-3,Alkaloids-neg-mix43,C[n+]1c2n(c(=O)c3ccccc31)CCc1c-2[nH]c2ccccc12,C19H16N3O+,[2.737],302.1287886,0,0,0,0
7-Ethylcamptothecin,78287-27-1,Alkaloids-neg-mix43,CCc1c2c(nc3ccccc13)-c1cc3c(c(=O)n1C2)COC(=O)[C@]3(O)CC,C22H20N2O4,[3.643],376.1423071,0,375.1350307,411.1117084,357.124466
Coptisine sulfate,1198398-71-8,Alkaloids-neg-mix43,c1c2c(cc3c1OCO3)-c1cc3ccc4c(c3c[n+]1CC2)OCO4,C19H14NO4+,[2.664],320.0917343,0,0,0,0
Pamufetinib,1190836-34-0,Alkaloids-neg-mix43,CNC(=O)c1cc2c(Oc3ccc(NC(=S)NC(=O)Cc4ccccc4)cc3F)ccnc2cc1OC,C27H23FN4O4S,[3.728],518.1424044,0,517.1351281,553.1118058,499.1245634
Adenine hemisulfate,321-30-2,Alkaloids-neg-mix43,Nc1ncnc2[nH]cnc12,C5H5N5,[0.328],135.0544952,0,134.0472187,170.0238964,116.036654
Aegeline,456-12-2,Alkaloids-neg-mix43,COc1ccc(C(O)CNC(=O)/C=C/c2ccccc2)cc1,C18H19NO3,[3.591],297.1364935,0,296.129217,332.1058947,278.1186523
Quinine hydrochloride dihydrate,6119-47-7,Alkaloids-neg-mix44,C=C[C@H]1C[N@@]2CC[C@H]1C[C@H]2[C@H](O)c1ccnc2ccc(OC)cc12,C20H24N2O2,[3.085],324.183778,0,323.1765016,359.1531793,305.1659369
Seneciphylline,480-81-9,Alkaloids-neg-mix44,C=C1C/C(=C/C)C(=O)O[C@@H]2CCN3CC=C(COC(=O)[C@]1(C)O)[C@H]23,C18H23NO5,"[2.107, 4.907]",333.1576228,0,332.1503464,368.1270241,314.1397817
Piperlonguminine,12/9/50,Alkaloids-neg-mix44,CC(C)CNC(=O)/C=C/C=C/c1ccc2c(c1)OCO2,C16H19NO3,"[4.177, 4.426]",273.1364935,0,272.129217,308.1058947,254.1186523
tricoumaroyl spermidine,131086-78-7,Alkaloids-neg-mix44,O=C(/C=C/c1ccc(O)cc1)NCCCCN(CCCNC(=O)/C=C/c1ccc(O)cc1)C(=O)/C=C/c1ccc(O)cc1,C34H37N3O6,[3.228],583.2682359,0,582.2609595,618.2376372,564.2503948
Candicine,6656-13-9,Alkaloids-neg-mix44,C[N+](C)(C)CCc1ccc(O)cc1,C11H18NO+,[0.57],180.1382906,0,0,0,0
Oxysanguinarine,548-30-1,Alkaloids-neg-mix44,Cn1c(=O)c2c3c(ccc2c2ccc4cc5c(cc4c21)OCO5)OCO3,C20H13NO5,[4.356],347.0793725,0,346.0720961,382.0487738,328.0615314
Sophoridine,6882-68-4,Alkaloids-neg-mix44,O=C1CCC[C@@H]2[C@H]3CCCN4CCC[C@@H](CN12)[C@@H]34,C15H24N2O,"[2.107, 4.907]",248.1888634,0,247.1815869,283.1582647,229.1710223
Isocorynoxeine,51014-29-0,Alkaloids-neg-mix44,C=C[C@H]1CN2CC[C@@]3(C(=O)Nc4ccccc43)[C@@H]2C[C@@H]1/C(=C\OC)C(=O)OC,C22H26N2O4,"[2.683, 2.777]",382.1892573,0,381.1819809,417.1586586,363.1714162
Guanfu base A,1394-48-5,Alkaloids-neg-mix44,C=C1C[C@@]23C[C@H]4[C@@H]5[C@]6(C)C[C@H](OC(C)=O)C[C@@]57[C@@H]2[C@H](O)[C@@H]1C(OC(C)=O)[C@]3(O)[C@H]7N4C6,C24H31NO6,[1.947],429.2151377,0,428.2078613,464.184539,410.1972966
Arborine,6873-15-0,Alkaloids-neg-mix44,Cn1c(Cc2ccccc2)nc(=O)c2ccccc21,C16H14N2O,[3.21],250.1106131,0,249.1033366,285.0800143,231.0927719
Tioconazole,65899-73-2,Alkaloids-neg-mix45,Clc1ccc(C(Cn2ccnc2)OCc2ccsc2Cl)c(Cl)c1,C16H13Cl3N2OS,[1.985],385.9814171,0,384.9741408,420.9508185,366.9635761
Dehydrocorydaline,30045-16-0,Alkaloids-neg-mix45,COc1cc2c(cc1OC)-c1c(C)c3ccc(OC)c(OC)c3c[n+]1CC2,C22H24NO4+,[0.302],366.1699847,0,0,0,0
Yunaconitine,70578-24-4,Alkaloids-neg-mix45,CCN1C[C@@]2(COC)[C@H]3[C@@H](OC)[C@H]4C1[C@]3([C@@H](OC)C[C@H]2O)[C@@H]1C[C@]2(O)[C@@H](OC)C[C@@]4(OC(C)=O)[C@H]1[C@H]2OC(=O)c1ccc(OC)cc1,C35H49NO11,[3.58],659.3305614,0,658.3232849,694.2999627,640.3127203
N-Benzylpalmitamide,74058-71-2,Alkaloids-neg-mix45,CCCCCCCCCCCCCCCC(=O)NCc1ccccc1,C23H39NO,[7.197],345.3031649,0,344.2958884,380.2725661,326.2853237
Arecaidine hydrochloride,6018-28-6,Alkaloids-neg-mix45,CN1CCC=C(C(=O)O)C1,C7H11NO2,[0.302],141.0789786,0,140.0717021,176.0483799,122.0611375
Galanthamine N-Oxide,134332-50-6,Alkaloids-neg-mix45,COc1ccc2c3c1O[C@H]1C[C@@H](O)C=C[C@@]31CC[N@@+](C)([O-])C2,C17H21NO4,[1.593],303.1470582,0,302.1397817,338.1164594,284.129217
Vinblastine sulfate,143-67-9,Alkaloids-neg-mix45,CC[C@]1(O)C[C@H]2C[N@@](CCc3c([nH]c4ccccc34)[C@@](C(=O)OC)(c3cc4c(cc3OC)N(C)[C@H]3[C@@](O)(C(=O)OC)[C@H](OC(C)=O)[C@]5(CC)C=CCN6CC[C@]43[C@@H]65)C2)C1,C46H58N4O9,[3.122],810.4203794,0,809.413103,845.3897807,791.4025383
Acetylcytisine,6018-52-6,Alkaloids-neg-mix45,CC(=O)N1CC2C[C@@H](C1)c1cccc(=O)n1C2,C13H16N2O2,[1.703],232.1211778,0,231.1139013,267.090579,213.1033366
Hypaconine,63238-68-6,Alkaloids-neg-mix45,COCC12CCC(OC)C34C5CC6(O)C(O)C5C(O)(C(O)C6OC)C(C(OC)C13)C4N(C)C2,C24H39NO8,[1.985],469.2675672,0,468.2602908,504.2369685,450.2497261
Skimmianine,83-95-4,Alkaloids-neg-mix45,COc1ccc2c(OC)c3ccoc3nc2c1OC,C14H13NO4,[3.427],259.0844579,0,258.0771814,294.0538592,240.0666168
N-trans-p-coumaroyloctopamine,66648-45-1,Alkaloids-neg-mix46,O=C(/C=C/c1ccc(O)cc1)NCC(O)c1ccc(O)cc1,C17H17NO4,[2.692],299.115758,0,298.1084816,334.0851593,280.0979169
Sempervirine,6882-99-1,Alkaloids-neg-mix46,c1ccc2c(c1)[nH]c1c2cc[n+]2cc3c(cc12)CCCC3,C19H17N2+,,273.138625,0,0,0,0
9-Hydroxycamptothecin,67656-30-8,Alkaloids-neg-mix46,CC[C@]1(O)C(=O)OCc2c1cc1n(c2=O)Cc2cc3cc(O)ccc3nc2-1,C20H16N2O5,[2.68],364.1059216,0,363.0986452,399.0753229,345.0880805
Tetrahydrocoptisine,4312-32-7,Alkaloids-neg-mix46,c1cc2c(c3c1CC1c4cc5c(cc4CCN1C3)OCO5)OCO2,C19H17NO4,[2.692],323.115758,0,322.1084816,358.0851593,304.0979169
Magnocurarine,6801-40-7,Alkaloids-neg-mix46,COc1cc2c(cc1O)[C@@H](Cc1ccc(O)cc1)[N+](C)(C)CC2,C19H24NO3+,[1.831],314.17507,0,0,0,0
Lepidiline C,2750933-59-4,Alkaloids-neg-mix46,COc1cccc(C[n+]2cn(Cc3ccccc3)c(C)c2C)c1,C20H23N2O+,,307.1804898,0,0,0,0
Berberine sulfate,316-41-6,Alkaloids-neg-mix46,COc1ccc2cc3[n+](cc2c1OC)CCc1cc2c(cc1-3)OCO2,C20H18NO4+,[2.949],336.1230345,0,0,0,0
Jatrorrhizine chloride,6681-15-8,Alkaloids-neg-mix46,COc1cc2c(cc1O)CC[n+]1cc3c(OC)c(OC)ccc3cc1-2,C20H20NO4+,[2.707],338.1386845,0,0,0,0
Schinifoline,80554-58-1,Alkaloids-neg-mix46,CCCCCCCc1cc(=O)c2ccccc2n1C,C17H23NO,"[4.24, 4.294]",257.1779644,0,256.1706879,292.1473656,238.1601232
"4,5-Dimethoxycanthin-6-one",18110-87-7,Alkaloids-neg-mix46,COc1c(OC)c2nccc3c4ccccc4n(c1=O)c23,C16H12N2O3,"[3.586, 3.643]",280.0847922,0,279.0775158,315.0541935,261.0669511
3-Hydroxy-2-methylpyridine,1121-25-1,Alkaloids-neg-mix47,Cc1ncccc1O,C6H7NO,[0.912],109.0527638,0,108.0454874,144.0221651,90.03492271
Oxindole,59-48-3,Alkaloids-neg-mix47,O=C1Cc2ccccc2N1,C8H7NO,[3.862],133.0527638,0,132.0454874,168.0221651,114.0349227
3-Methylxanthine,1076-22-8,Alkaloids-neg-mix47,Cn1c(=O)[nH]c(=O)c2nc[nH]c21,C6H6N4O2,[0.912],166.0490754,0,165.041799,201.0184767,147.0312343
Pseudotropine,135-97-7,Alkaloids-neg-mix47,CN1[C@H]2CC[C@@H]1CC(O)C2,C8H15NO,[0.314],141.1153641,0,140.1080877,176.0847654,122.097523
Methyl indole-3-carboxylate,942-24-5,Alkaloids-neg-mix47,COC(=O)c1c[nH]c2ccccc12,C10H9NO2,[3.324],175.0633285,0,174.0560521,210.0327298,156.0454874
Solasodine,126-17-0,Alkaloids-neg-mix47,C[C@H]1[C@H]2[C@H](C[C@H]3[C@@H]4CC=C5C[C@@H](O)CC[C@]5(C)C4CC[C@@]32C)O[C@]12CC[C@@H](C)CN2,C27H43NO2,[3.806],413.3293796,0,412.3221032,448.2987809,394.3115385
8-Oxoepiberberine,19716-60-0,Alkaloids-neg-mix47,COc1cc2c(cc1OC)-c1cc3ccc4c(c3c(=O)n1CC2)OCO4,C20H17NO5,[3.862],351.1106726,0,350.1033962,386.0800739,332.0928315
Cycleanine,518-94-5,Alkaloids-neg-mix47,COc1cc2c3c(c1OC)Oc1ccc(cc1)C[C@@H]1c4c(cc(OC)c(OC)c4Oc4ccc(cc4)C[C@H]3N(C)CC2)CCN1C,C38H42N2O6,[2.631],622.3042871,0,621.2970106,657.2736883,603.2864459
Histamine Phosphate,51-74-1,Alkaloids-neg-mix48,NCCc1c[nH]cn1,C5H9N3,[1.966],111.0796473,0,110.0723709,146.0490486,92.06180617
Chloroquine phosphate,50-63-5,Alkaloids-neg-mix48,CCN(CC)CCCC(C)Nc1ccnc2cc(Cl)ccc12,C18H26ClN3,"[2.805, 2.98]",319.1815255,0,318.1742491,354.1509268,300.1636844